id	population	species	state	country	sex	longitude	latitude	read_1	read_2
W6-54695-101	W6-54695	Distichlis_spicata	VA	US	unknown	-75.95461	37.12916	20240401/L7/W6-54695-101_98b018dc-1e1e-49c2-acd6-b85642963457_S25_L007_R1_001.fastq.gz	20240401/L7/W6-54695-101_98b018dc-1e1e-49c2-acd6-b85642963457_S25_L007_R2_001.fastq.gz
W6-54695-102	W6-54695	Distichlis_spicata	VA	US	unknown	-75.95461	37.12916	20240401/L7/W6-54695-102_f46a4749-ec40-4c5f-9379-9c1a87ab0dfe_S35_L007_R1_001.fastq.gz	20240401/L7/W6-54695-102_f46a4749-ec40-4c5f-9379-9c1a87ab0dfe_S35_L007_R2_001.fastq.gz
W6-54695-103	W6-54695	Distichlis_spicata	VA	US	unknown	-75.95461	37.12916	20240401/L7/W6-54695-103_53aaf939-ae82-4bfe-9cf5-90812e3c58a5_S15_L007_R1_001.fastq.gz	20240401/L7/W6-54695-103_53aaf939-ae82-4bfe-9cf5-90812e3c58a5_S15_L007_R2_001.fastq.gz
W6-54695-104	W6-54695	Distichlis_spicata	VA	US	unknown	-75.95461	37.12916	20240401/L7/W6-54695-104_2272e023-439e-4e60-8421-5c280dea448a_S28_L007_R1_001.fastq.gz	20240401/L7/W6-54695-104_2272e023-439e-4e60-8421-5c280dea448a_S28_L007_R2_001.fastq.gz
W6-54695-105	W6-54695	Distichlis_spicata	VA	US	unknown	-75.95461	37.12916	20240401/L7/W6-54695-105_0ad4e7eb-1c22-4e4a-b31b-39b7abe9350c_S32_L007_R1_001.fastq.gz	20240401/L7/W6-54695-105_0ad4e7eb-1c22-4e4a-b31b-39b7abe9350c_S32_L007_R2_001.fastq.gz
W6-54695-106	W6-54695	Distichlis_spicata	VA	US	unknown	-75.95461	37.12916	20240401/L7/W6-54695-106_4d59a94e-cb39-4924-a061-4c9c188c1c36_S24_L007_R1_001.fastq.gz	20240401/L7/W6-54695-106_4d59a94e-cb39-4924-a061-4c9c188c1c36_S24_L007_R2_001.fastq.gz
W6-54695-107	W6-54695	Distichlis_spicata	VA	US	unknown	-75.95461	37.12916	20240401/L7/W6-54695-107_c0694574-b965-4ca3-ac22-fb0088606528_S36_L007_R1_001.fastq.gz	20240401/L7/W6-54695-107_c0694574-b965-4ca3-ac22-fb0088606528_S36_L007_R2_001.fastq.gz
W6-54695-108	W6-54695	Distichlis_spicata	VA	US	unknown	-75.95461	37.12916	20240401/L7/W6-54695-108_51efd5cf-e820-44ce-b16f-e906a05ee075_S4_L007_R1_001.fastq.gz	20240401/L7/W6-54695-108_51efd5cf-e820-44ce-b16f-e906a05ee075_S4_L007_R2_001.fastq.gz
W6-54695-109	W6-54695	Distichlis_spicata	VA	US	unknown	-75.95461	37.12916	20240401/L7/W6-54695-109_ea76f6d6-579f-4715-a9fa-07cebed30004_S13_L007_R1_001.fastq.gz	20240401/L7/W6-54695-109_ea76f6d6-579f-4715-a9fa-07cebed30004_S13_L007_R2_001.fastq.gz
W6-54695-110	W6-54695	Distichlis_spicata	VA	US	unknown	-75.95461	37.12916	20240401/L7/W6-54695-110_90efab93-5b0a-4b2f-b318-686b56ec9657_S37_L007_R1_001.fastq.gz	20240401/L7/W6-54695-110_90efab93-5b0a-4b2f-b318-686b56ec9657_S37_L007_R2_001.fastq.gz
W6-54695-111	W6-54695	Distichlis_spicata	VA	US	unknown	-75.95461	37.12916	20240401/L7/W6-54695-111_0bb3161d-9e18-4731-9f39-861d31459e49_S6_L007_R1_001.fastq.gz	20240401/L7/W6-54695-111_0bb3161d-9e18-4731-9f39-861d31459e49_S6_L007_R2_001.fastq.gz
W6-54695-112	W6-54695	Distichlis_spicata	VA	US	unknown	-75.95461	37.12916	20240401/L7/W6-54695-112_aafe2682-3ec7-479d-bc6e-78ab875c02cf_S2_L007_R1_001.fastq.gz	20240401/L7/W6-54695-112_aafe2682-3ec7-479d-bc6e-78ab875c02cf_S2_L007_R2_001.fastq.gz
W6-54695-113	W6-54695	Distichlis_spicata	VA	US	unknown	-75.95461	37.12916	20240401/L7/W6-54695-113_28a8e633-a1f8-449e-9f39-59bbbd3e53a3_S3_L007_R1_001.fastq.gz	20240401/L7/W6-54695-113_28a8e633-a1f8-449e-9f39-59bbbd3e53a3_S3_L007_R2_001.fastq.gz
W6-54695-114	W6-54695	Distichlis_spicata	VA	US	unknown	-75.95461	37.12916	20240401/L7/W6-54695-114_f8809cae-f066-43f4-96dc-2d91a40dc230_S22_L007_R1_001.fastq.gz	20240401/L7/W6-54695-114_f8809cae-f066-43f4-96dc-2d91a40dc230_S22_L007_R2_001.fastq.gz
W6-54695-115	W6-54695	Distichlis_spicata	VA	US	unknown	-75.95461	37.12916	20240401/L7/W6-54695-115_30b35c86-7c54-4385-87c3-266c3d797d18_S41_L007_R1_001.fastq.gz	20240401/L7/W6-54695-115_30b35c86-7c54-4385-87c3-266c3d797d18_S41_L007_R2_001.fastq.gz
W6-54695-116	W6-54695	Distichlis_spicata	VA	US	unknown	-75.95461	37.12916	20240401/L7/W6-54695-116_9fa33017-ee95-4d0b-8635-178aaee31b00_S11_L007_R1_001.fastq.gz	20240401/L7/W6-54695-116_9fa33017-ee95-4d0b-8635-178aaee31b00_S11_L007_R2_001.fastq.gz
W6-54695-117	W6-54695	Distichlis_spicata	VA	US	unknown	-75.95461	37.12916	20240401/L7/W6-54695-117_658a9e49-4175-4c13-bbad-f88b6169b439_S34_L007_R1_001.fastq.gz	20240401/L7/W6-54695-117_658a9e49-4175-4c13-bbad-f88b6169b439_S34_L007_R2_001.fastq.gz
W6-54695-118	W6-54695	Distichlis_spicata	VA	US	unknown	-75.95461	37.12916	20240401/L7/W6-54695-118_2637023c-9a56-40dd-876e-a212f690c8c9_S17_L007_R1_001.fastq.gz	20240401/L7/W6-54695-118_2637023c-9a56-40dd-876e-a212f690c8c9_S17_L007_R2_001.fastq.gz
W6-54695-119	W6-54695	Distichlis_spicata	VA	US	unknown	-75.95461	37.12916	20240401/L7/W6-54695-119_b4b127ef-6f5c-4453-bd5d-7cbd1f5430aa_S30_L007_R1_001.fastq.gz	20240401/L7/W6-54695-119_b4b127ef-6f5c-4453-bd5d-7cbd1f5430aa_S30_L007_R2_001.fastq.gz
W6-54695-120	W6-54695	Distichlis_spicata	VA	US	unknown	-75.95461	37.12916	20240401/L7/W6-54695-120_8ed7b5b8-9177-4112-bec6-70a22a7a37a4_S33_L007_R1_001.fastq.gz	20240401/L7/W6-54695-120_8ed7b5b8-9177-4112-bec6-70a22a7a37a4_S33_L007_R2_001.fastq.gz
W6-54695-121	W6-54695	Distichlis_spicata	VA	US	unknown	-75.95461	37.12916	20240401/L7/W6-54695-121_3c0de9de-db7f-434d-89f0-431f3a54c3dd_S31_L007_R1_001.fastq.gz	20240401/L7/W6-54695-121_3c0de9de-db7f-434d-89f0-431f3a54c3dd_S31_L007_R2_001.fastq.gz
W6-54695-122	W6-54695	Distichlis_spicata	VA	US	unknown	-75.95461	37.12916	20240401/L7/W6-54695-122_6a736dfa-9860-460a-b8f4-3aac2c769028_S40_L007_R1_001.fastq.gz	20240401/L7/W6-54695-122_6a736dfa-9860-460a-b8f4-3aac2c769028_S40_L007_R2_001.fastq.gz
W6-54695-123	W6-54695	Distichlis_spicata	VA	US	unknown	-75.95461	37.12916	20240401/L7/W6-54695-123_18369015-81d8-4a53-8be8-bda02dc63201_S12_L007_R1_001.fastq.gz	20240401/L7/W6-54695-123_18369015-81d8-4a53-8be8-bda02dc63201_S12_L007_R2_001.fastq.gz
W6-54695-124	W6-54695	Distichlis_spicata	VA	US	unknown	-75.95461	37.12916	20240401/L7/W6-54695-124_6bb60a32-086f-4bb1-97df-8b35bbccb1ce_S5_L007_R1_001.fastq.gz	20240401/L7/W6-54695-124_6bb60a32-086f-4bb1-97df-8b35bbccb1ce_S5_L007_R2_001.fastq.gz
W6-54695-125	W6-54695	Distichlis_spicata	VA	US	unknown	-75.95461	37.12916	20240401/L7/W6-54695-125_3df7bb85-803a-4ea9-94bf-f027e030ec50_S14_L007_R1_001.fastq.gz	20240401/L7/W6-54695-125_3df7bb85-803a-4ea9-94bf-f027e030ec50_S14_L007_R2_001.fastq.gz
W6-54695-126	W6-54695	Distichlis_spicata	VA	US	unknown	-75.95461	37.12916	20240401/L7/W6-54695-126_51426848-de83-425c-987b-7d774adb44cd_S19_L007_R1_001.fastq.gz	20240401/L7/W6-54695-126_51426848-de83-425c-987b-7d774adb44cd_S19_L007_R2_001.fastq.gz
W6-54695-127	W6-54695	Distichlis_spicata	VA	US	unknown	-75.95461	37.12916	20240401/L7/W6-54695-127_92d66a8d-4a6c-4b1a-933e-820a13cf372c_S39_L007_R1_001.fastq.gz	20240401/L7/W6-54695-127_92d66a8d-4a6c-4b1a-933e-820a13cf372c_S39_L007_R2_001.fastq.gz
W6-54695-128	W6-54695	Distichlis_spicata	VA	US	unknown	-75.95461	37.12916	20240401/L7/W6-54695-128_9b1799fc-4219-4ac6-bb4e-7a3cc48a4832_S20_L007_R1_001.fastq.gz	20240401/L7/W6-54695-128_9b1799fc-4219-4ac6-bb4e-7a3cc48a4832_S20_L007_R2_001.fastq.gz
W6-54695-129	W6-54695	Distichlis_spicata	VA	US	unknown	-75.95461	37.12916	20240401/L7/W6-54695-129_2e15386b-43ef-4d1e-ae21-5690c6a825b9_S7_L007_R1_001.fastq.gz	20240401/L7/W6-54695-129_2e15386b-43ef-4d1e-ae21-5690c6a825b9_S7_L007_R2_001.fastq.gz
W6-54695-130	W6-54695	Distichlis_spicata	VA	US	unknown	-75.95461	37.12916	20240401/L7/W6-54695-130_e1ea2833-5440-41b4-8613-092f214a1309_S26_L007_R1_001.fastq.gz	20240401/L7/W6-54695-130_e1ea2833-5440-41b4-8613-092f214a1309_S26_L007_R2_001.fastq.gz
W6-54695-131	W6-54695	Distichlis_spicata	VA	US	unknown	-75.95461	37.12916	20240401/L7/W6-54695-131_eb4e9541-0d3f-4fbf-bb10-8c81e3b29e15_S10_L007_R1_001.fastq.gz	20240401/L7/W6-54695-131_eb4e9541-0d3f-4fbf-bb10-8c81e3b29e15_S10_L007_R2_001.fastq.gz
W6-54695-132	W6-54695	Distichlis_spicata	VA	US	unknown	-75.95461	37.12916	20240401/L7/W6-54695-132_dc60748a-fb45-4a1c-8365-2d1a3d14d3c5_S27_L007_R1_001.fastq.gz	20240401/L7/W6-54695-132_dc60748a-fb45-4a1c-8365-2d1a3d14d3c5_S27_L007_R2_001.fastq.gz
W6-54695-133	W6-54695	Distichlis_spicata	VA	US	unknown	-75.95461	37.12916	20240401/L7/W6-54695-133_7b1aed85-62f2-4b14-9bf5-5ee0d3aeda75_S42_L007_R1_001.fastq.gz	20240401/L7/W6-54695-133_7b1aed85-62f2-4b14-9bf5-5ee0d3aeda75_S42_L007_R2_001.fastq.gz
W6-54695-134	W6-54695	Distichlis_spicata	VA	US	unknown	-75.95461	37.12916	20240401/L7/W6-54695-134_a9a4a40a-d02b-4f12-a0de-e32cedf5eaf8_S21_L007_R1_001.fastq.gz	20240401/L7/W6-54695-134_a9a4a40a-d02b-4f12-a0de-e32cedf5eaf8_S21_L007_R2_001.fastq.gz
W6-54695-135	W6-54695	Distichlis_spicata	VA	US	unknown	-75.95461	37.12916	20240401/L7/W6-54695-135_721e6106-15fc-4a8a-b558-57043988e699_S23_L007_R1_001.fastq.gz	20240401/L7/W6-54695-135_721e6106-15fc-4a8a-b558-57043988e699_S23_L007_R2_001.fastq.gz
W6-54695-136	W6-54695	Distichlis_spicata	VA	US	unknown	-75.95461	37.12916	20240401/L7/W6-54695-136_c6b43a7e-3f5b-4d3f-87d4-bdeec1a769a8_S8_L007_R1_001.fastq.gz	20240401/L7/W6-54695-136_c6b43a7e-3f5b-4d3f-87d4-bdeec1a769a8_S8_L007_R2_001.fastq.gz
W6-54695-137	W6-54695	Distichlis_spicata	VA	US	unknown	-75.95461	37.12916	20240401/L7/W6-54695-137_cfc8d44d-d828-424d-9a20-815d2332b296_S16_L007_R1_001.fastq.gz	20240401/L7/W6-54695-137_cfc8d44d-d828-424d-9a20-815d2332b296_S16_L007_R2_001.fastq.gz
W6-54695-138	W6-54695	Distichlis_spicata	VA	US	unknown	-75.95461	37.12916	20240401/L7/W6-54695-138_9ae08604-847c-4aa1-871e-d46f98fbb2dc_S29_L007_R1_001.fastq.gz	20240401/L7/W6-54695-138_9ae08604-847c-4aa1-871e-d46f98fbb2dc_S29_L007_R2_001.fastq.gz
W6-54695-139	W6-54695	Distichlis_spicata	VA	US	unknown	-75.95461	37.12916	20240401/L7/W6-54695-139_fb6e6697-bd96-4bd4-bd02-a8fd1d41b73b_S1_L007_R1_001.fastq.gz	20240401/L7/W6-54695-139_fb6e6697-bd96-4bd4-bd02-a8fd1d41b73b_S1_L007_R2_001.fastq.gz
W6-54695-140	W6-54695	Distichlis_spicata	VA	US	unknown	-75.95461	37.12916	20240401/L7/W6-54695-140_e105eed2-67bc-4bd4-827b-fa35623be74a_S38_L007_R1_001.fastq.gz	20240401/L7/W6-54695-140_e105eed2-67bc-4bd4-827b-fa35623be74a_S38_L007_R2_001.fastq.gz
W6-54695-141	W6-54695	Distichlis_spicata	VA	US	unknown	-75.95461	37.12916	20240401/L7/W6-54695-141_d4a613a8-fc9a-454d-a9d2-6b1cd8d034a7_S18_L007_R1_001.fastq.gz	20240401/L7/W6-54695-141_d4a613a8-fc9a-454d-a9d2-6b1cd8d034a7_S18_L007_R2_001.fastq.gz
W6-54757-102	W6-54757	Distichlis_spicata	VA	US	unknown	-75.83363	37.46934	20240401/L7/W6-54757-102_d7372bf6-087d-4a4b-b353-e77507d35a46_S88_L007_R1_001.fastq.gz	20240401/L7/W6-54757-102_d7372bf6-087d-4a4b-b353-e77507d35a46_S88_L007_R2_001.fastq.gz
W6-54757-103	W6-54757	Distichlis_spicata	VA	US	unknown	-75.83363	37.46934	20240401/L7/W6-54757-103_afae0639-9d2c-41df-bb09-ee91dd0bf290_S89_L007_R1_001.fastq.gz	20240401/L7/W6-54757-103_afae0639-9d2c-41df-bb09-ee91dd0bf290_S89_L007_R2_001.fastq.gz
W6-54757-104	W6-54757	Distichlis_spicata	VA	US	unknown	-75.83363	37.46934	20240401/L7/W6-54757-104_4a4dc18f-325b-4689-b04c-f8e6db1f91eb_S87_L007_R1_001.fastq.gz	20240401/L7/W6-54757-104_4a4dc18f-325b-4689-b04c-f8e6db1f91eb_S87_L007_R2_001.fastq.gz
W6-54757-106	W6-54757	Distichlis_spicata	VA	US	unknown	-75.83363	37.46934	20240401/L7/W6-54757-106_7e0cbbe3-237f-462b-b564-2ef36a64b27a_S90_L007_R1_001.fastq.gz	20240401/L7/W6-54757-106_7e0cbbe3-237f-462b-b564-2ef36a64b27a_S90_L007_R2_001.fastq.gz
W6-54758-101	W6-54758	Distichlis_spicata	MD	US	unknown	-76.32677	38.051	20240401/L7/W6-54758-101_59f8d85b-f36d-4a0b-8066-2d44a57dd699_S54_L007_R1_001.fastq.gz	20240401/L7/W6-54758-101_59f8d85b-f36d-4a0b-8066-2d44a57dd699_S54_L007_R2_001.fastq.gz
W6-54758-102	W6-54758	Distichlis_spicata	MD	US	unknown	-76.32677	38.051	20240401/L7/W6-54758-102_5428fd7e-3a8d-44bd-8704-c0de21d39852_S43_L007_R1_001.fastq.gz	20240401/L7/W6-54758-102_5428fd7e-3a8d-44bd-8704-c0de21d39852_S43_L007_R2_001.fastq.gz
W6-54758-103	W6-54758	Distichlis_spicata	MD	US	unknown	-76.32677	38.051	20240401/L7/W6-54758-103_bad33b58-a8c2-465e-9ec6-d43a6abf0b30_S57_L007_R1_001.fastq.gz	20240401/L7/W6-54758-103_bad33b58-a8c2-465e-9ec6-d43a6abf0b30_S57_L007_R2_001.fastq.gz
W6-54758-104	W6-54758	Distichlis_spicata	MD	US	unknown	-76.32677	38.051	20240401/L7/W6-54758-104_98465f51-94f0-4a80-9c20-862488edd18a_S46_L007_R1_001.fastq.gz	20240401/L7/W6-54758-104_98465f51-94f0-4a80-9c20-862488edd18a_S46_L007_R2_001.fastq.gz
W6-54758-105	W6-54758	Distichlis_spicata	MD	US	unknown	-76.32677	38.051	20240401/L7/W6-54758-105_bb820f39-8aac-4e8c-a948-1bd654e6cf81_S49_L007_R1_001.fastq.gz	20240401/L7/W6-54758-105_bb820f39-8aac-4e8c-a948-1bd654e6cf81_S49_L007_R2_001.fastq.gz
W6-54758-106	W6-54758	Distichlis_spicata	MD	US	unknown	-76.32677	38.051	20240401/L7/W6-54758-106_2f80d1e3-6eff-41de-8a87-ec913c3a9dfd_S59_L007_R1_001.fastq.gz	20240401/L7/W6-54758-106_2f80d1e3-6eff-41de-8a87-ec913c3a9dfd_S59_L007_R2_001.fastq.gz
W6-54758-107	W6-54758	Distichlis_spicata	MD	US	unknown	-76.32677	38.051	20240401/L7/W6-54758-107_f7bb288f-a182-4cd5-afcd-09163bf9e5f7_S50_L007_R1_001.fastq.gz	20240401/L7/W6-54758-107_f7bb288f-a182-4cd5-afcd-09163bf9e5f7_S50_L007_R2_001.fastq.gz
W6-54758-108	W6-54758	Distichlis_spicata	MD	US	unknown	-76.32677	38.051	20240401/L7/W6-54758-108_fa0261db-e386-4865-86ac-ae20dc8eba02_S53_L007_R1_001.fastq.gz	20240401/L7/W6-54758-108_fa0261db-e386-4865-86ac-ae20dc8eba02_S53_L007_R2_001.fastq.gz
W6-54758-109	W6-54758	Distichlis_spicata	MD	US	unknown	-76.32677	38.051	20240401/L7/W6-54758-109_d7172e09-42ed-4a74-b2a9-179fffc1fd89_S47_L007_R1_001.fastq.gz	20240401/L7/W6-54758-109_d7172e09-42ed-4a74-b2a9-179fffc1fd89_S47_L007_R2_001.fastq.gz
W6-54758-110	W6-54758	Distichlis_spicata	MD	US	unknown	-76.32677	38.051	20240401/L7/W6-54758-110_7fe792ff-356c-443a-9c55-99c359a8aca0_S55_L007_R1_001.fastq.gz	20240401/L7/W6-54758-110_7fe792ff-356c-443a-9c55-99c359a8aca0_S55_L007_R2_001.fastq.gz
W6-54758-111	W6-54758	Distichlis_spicata	MD	US	unknown	-76.32677	38.051	20240401/L7/W6-54758-111_4b2efe61-e852-4dec-bf12-de664c234bae_S61_L007_R1_001.fastq.gz	20240401/L7/W6-54758-111_4b2efe61-e852-4dec-bf12-de664c234bae_S61_L007_R2_001.fastq.gz
W6-54758-112	W6-54758	Distichlis_spicata	MD	US	unknown	-76.32677	38.051	20240401/L7/W6-54758-112_1a2bb783-e1d3-4920-bdab-1a65fed41769_S67_L007_R1_001.fastq.gz	20240401/L7/W6-54758-112_1a2bb783-e1d3-4920-bdab-1a65fed41769_S67_L007_R2_001.fastq.gz
W6-54758-113	W6-54758	Distichlis_spicata	MD	US	unknown	-76.32677	38.051	20240401/L7/W6-54758-113_8b2a0996-a281-4c2e-99ca-40fa5b93d898_S72_L007_R1_001.fastq.gz	20240401/L7/W6-54758-113_8b2a0996-a281-4c2e-99ca-40fa5b93d898_S72_L007_R2_001.fastq.gz
W6-54758-114	W6-54758	Distichlis_spicata	MD	US	unknown	-76.32677	38.051	20240401/L7/W6-54758-114_4976c116-f068-4017-8aef-89fd42c262cd_S70_L007_R1_001.fastq.gz	20240401/L7/W6-54758-114_4976c116-f068-4017-8aef-89fd42c262cd_S70_L007_R2_001.fastq.gz
W6-54758-115	W6-54758	Distichlis_spicata	MD	US	unknown	-76.32677	38.051	20240401/L7/W6-54758-115_bd8e16ee-865a-4e06-9099-8469367c2088_S73_L007_R1_001.fastq.gz	20240401/L7/W6-54758-115_bd8e16ee-865a-4e06-9099-8469367c2088_S73_L007_R2_001.fastq.gz
W6-54758-116	W6-54758	Distichlis_spicata	MD	US	unknown	-76.32677	38.051	20240401/L7/W6-54758-116_e1d4bd7f-72e5-4a00-a8aa-8701bb4855cd_S66_L007_R1_001.fastq.gz	20240401/L7/W6-54758-116_e1d4bd7f-72e5-4a00-a8aa-8701bb4855cd_S66_L007_R2_001.fastq.gz
W6-54758-117	W6-54758	Distichlis_spicata	MD	US	unknown	-76.32677	38.051	20240401/L7/W6-54758-117_7f750912-047c-4c20-8340-5b6155a5ae42_S56_L007_R1_001.fastq.gz	20240401/L7/W6-54758-117_7f750912-047c-4c20-8340-5b6155a5ae42_S56_L007_R2_001.fastq.gz
W6-54758-118	W6-54758	Distichlis_spicata	MD	US	unknown	-76.32677	38.051	20240401/L7/W6-54758-118_972b4354-aff1-49f0-a668-443c5c36a400_S60_L007_R1_001.fastq.gz	20240401/L7/W6-54758-118_972b4354-aff1-49f0-a668-443c5c36a400_S60_L007_R2_001.fastq.gz
W6-54758-119	W6-54758	Distichlis_spicata	MD	US	unknown	-76.32677	38.051	20240401/L7/W6-54758-119_35828c02-9b9f-4b8f-8ece-e306d92fb039_S58_L007_R1_001.fastq.gz	20240401/L7/W6-54758-119_35828c02-9b9f-4b8f-8ece-e306d92fb039_S58_L007_R2_001.fastq.gz
W6-54758-120	W6-54758	Distichlis_spicata	MD	US	unknown	-76.32677	38.051	20240401/L7/W6-54758-120_7b2043cc-fee5-45eb-a823-c68d2bd3bf81_S64_L007_R1_001.fastq.gz	20240401/L7/W6-54758-120_7b2043cc-fee5-45eb-a823-c68d2bd3bf81_S64_L007_R2_001.fastq.gz
W6-54758-121	W6-54758	Distichlis_spicata	MD	US	unknown	-76.32677	38.051	20240401/L7/W6-54758-121_d5f43dfa-5c2b-4ce2-a286-26acf18fc0f6_S51_L007_R1_001.fastq.gz	20240401/L7/W6-54758-121_d5f43dfa-5c2b-4ce2-a286-26acf18fc0f6_S51_L007_R2_001.fastq.gz
W6-54758-122	W6-54758	Distichlis_spicata	MD	US	unknown	-76.32677	38.051	20240401/L7/W6-54758-122_3579a148-0cad-4010-a320-9ee4e04d7639_S65_L007_R1_001.fastq.gz	20240401/L7/W6-54758-122_3579a148-0cad-4010-a320-9ee4e04d7639_S65_L007_R2_001.fastq.gz
W6-54758-123	W6-54758	Distichlis_spicata	MD	US	unknown	-76.32677	38.051	20240401/L7/W6-54758-123_b061e2a1-4e41-49d5-85b1-0d906c2222c0_S45_L007_R1_001.fastq.gz	20240401/L7/W6-54758-123_b061e2a1-4e41-49d5-85b1-0d906c2222c0_S45_L007_R2_001.fastq.gz
W6-54758-124	W6-54758	Distichlis_spicata	MD	US	unknown	-76.32677	38.051	20240401/L7/W6-54758-124_a7b563b1-8b00-403d-8b07-b19f1dcd171a_S63_L007_R1_001.fastq.gz	20240401/L7/W6-54758-124_a7b563b1-8b00-403d-8b07-b19f1dcd171a_S63_L007_R2_001.fastq.gz
W6-54758-125	W6-54758	Distichlis_spicata	MD	US	unknown	-76.32677	38.051	20240401/L7/W6-54758-125_7bf343b4-1c2f-42c9-a3ff-96e45f791765_S68_L007_R1_001.fastq.gz	20240401/L7/W6-54758-125_7bf343b4-1c2f-42c9-a3ff-96e45f791765_S68_L007_R2_001.fastq.gz
W6-54758-126	W6-54758	Distichlis_spicata	MD	US	unknown	-76.32677	38.051	20240401/L7/W6-54758-126_25d80057-7fb4-4e8e-9110-57b630b0b204_S44_L007_R1_001.fastq.gz	20240401/L7/W6-54758-126_25d80057-7fb4-4e8e-9110-57b630b0b204_S44_L007_R2_001.fastq.gz
W6-54758-127	W6-54758	Distichlis_spicata	MD	US	unknown	-76.32677	38.051	20240401/L7/W6-54758-127_ccffefbb-40cb-4437-b45c-57a67e8787f0_S62_L007_R1_001.fastq.gz	20240401/L7/W6-54758-127_ccffefbb-40cb-4437-b45c-57a67e8787f0_S62_L007_R2_001.fastq.gz
W6-54758-128	W6-54758	Distichlis_spicata	MD	US	unknown	-76.32677	38.051	20240401/L7/W6-54758-128_d5cd009f-6f5a-4c39-a000-7c58a9f09a66_S52_L007_R1_001.fastq.gz	20240401/L7/W6-54758-128_d5cd009f-6f5a-4c39-a000-7c58a9f09a66_S52_L007_R2_001.fastq.gz
W6-54758-129	W6-54758	Distichlis_spicata	MD	US	unknown	-76.32677	38.051	20240401/L7/W6-54758-129_c0d00938-25d6-4196-a7cf-e10b160b8cca_S74_L007_R1_001.fastq.gz	20240401/L7/W6-54758-129_c0d00938-25d6-4196-a7cf-e10b160b8cca_S74_L007_R2_001.fastq.gz
W6-54758-130	W6-54758	Distichlis_spicata	MD	US	unknown	-76.32677	38.051	20240401/L7/W6-54758-130_0f34eb6d-e2f0-46b7-b6f9-3a27e20be6bd_S69_L007_R1_001.fastq.gz	20240401/L7/W6-54758-130_0f34eb6d-e2f0-46b7-b6f9-3a27e20be6bd_S69_L007_R2_001.fastq.gz
W6-54758-131	W6-54758	Distichlis_spicata	MD	US	unknown	-76.32677	38.051	20240401/L7/W6-54758-131_9161c651-5f27-4e52-acbb-0f788b0ccf00_S71_L007_R1_001.fastq.gz	20240401/L7/W6-54758-131_9161c651-5f27-4e52-acbb-0f788b0ccf00_S71_L007_R2_001.fastq.gz
W6-54758-132	W6-54758	Distichlis_spicata	MD	US	unknown	-76.32677	38.051	20240401/L7/W6-54758-132_1897b055-575a-41e2-a385-8b7cec5c4d0e_S48_L007_R1_001.fastq.gz	20240401/L7/W6-54758-132_1897b055-575a-41e2-a385-8b7cec5c4d0e_S48_L007_R2_001.fastq.gz
W6-57276-101	W6-57276	Distichlis_spicata	NY	US	unknown	-72.28425	41.12266	20240401/L7/W6-57276-101_d9f5cefc-6dff-4754-a265-1c8b78fac533_S79_L007_R1_001.fastq.gz	20240401/L7/W6-57276-101_d9f5cefc-6dff-4754-a265-1c8b78fac533_S79_L007_R2_001.fastq.gz
W6-57276-102	W6-57276	Distichlis_spicata	NY	US	unknown	-72.28425	41.12266	20240401/L7/W6-57276-102_eb312aa5-301b-4df0-ae61-e64414137e37_S76_L007_R1_001.fastq.gz	20240401/L7/W6-57276-102_eb312aa5-301b-4df0-ae61-e64414137e37_S76_L007_R2_001.fastq.gz
W6-57276-103	W6-57276	Distichlis_spicata	NY	US	unknown	-72.28425	41.12266	20240401/L7/W6-57276-103_839088ec-c78a-44bf-9aff-f1176491a407_S81_L007_R1_001.fastq.gz	20240401/L7/W6-57276-103_839088ec-c78a-44bf-9aff-f1176491a407_S81_L007_R2_001.fastq.gz
W6-57276-104	W6-57276	Distichlis_spicata	NY	US	unknown	-72.28425	41.12266	20240401/L7/W6-57276-104_eab7b7c7-bfca-434f-b183-4f6b2f145168_S78_L007_R1_001.fastq.gz	20240401/L7/W6-57276-104_eab7b7c7-bfca-434f-b183-4f6b2f145168_S78_L007_R2_001.fastq.gz
W6-57276-105	W6-57276	Distichlis_spicata	NY	US	unknown	-72.28425	41.12266	20240401/L7/W6-57276-105_1899afb7-b743-4066-945b-2c350eae8431_S80_L007_R1_001.fastq.gz	20240401/L7/W6-57276-105_1899afb7-b743-4066-945b-2c350eae8431_S80_L007_R2_001.fastq.gz
W6-57276-106	W6-57276	Distichlis_spicata	NY	US	unknown	-72.28425	41.12266	20240401/L7/W6-57276-106_055b78a2-a919-4aed-b7a4-30292f4419b2_S77_L007_R1_001.fastq.gz	20240401/L7/W6-57276-106_055b78a2-a919-4aed-b7a4-30292f4419b2_S77_L007_R2_001.fastq.gz
W6-57276-107	W6-57276	Distichlis_spicata	NY	US	unknown	-72.28425	41.12266	20240401/L7/W6-57276-107_e2181e25-bac2-421c-95f6-7b111ad22901_S82_L007_R1_001.fastq.gz	20240401/L7/W6-57276-107_e2181e25-bac2-421c-95f6-7b111ad22901_S82_L007_R2_001.fastq.gz
W6-57276-108	W6-57276	Distichlis_spicata	NY	US	unknown	-72.28425	41.12266	20240401/L7/W6-57276-108_1c3329c0-9997-41ec-96c5-2b35de1e4be2_S75_L007_R1_001.fastq.gz	20240401/L7/W6-57276-108_1c3329c0-9997-41ec-96c5-2b35de1e4be2_S75_L007_R2_001.fastq.gz
W6-57300-103	W6-57300	Distichlis_spicata	NY	US	unknown	-73.48291	40.94269	20240401/L7/W6-57300-103_ed1f92a0-9bf8-4014-9503-16e074db816b_S93_L007_R1_001.fastq.gz	20240401/L7/W6-57300-103_ed1f92a0-9bf8-4014-9503-16e074db816b_S93_L007_R2_001.fastq.gz
W6-57300-104	W6-57300	Distichlis_spicata	NY	US	unknown	-73.48291	40.94269	20240401/L7/W6-57300-104_7cde0b04-6c2c-4821-b57e-37279519050c_S95_L007_R1_001.fastq.gz	20240401/L7/W6-57300-104_7cde0b04-6c2c-4821-b57e-37279519050c_S95_L007_R2_001.fastq.gz
W6-57300-105	W6-57300	Distichlis_spicata	NY	US	unknown	-73.48291	40.94269	20240401/L7/W6-57300-105_3e2b2d02-20bb-4360-ac83-773f66501356_S94_L007_R1_001.fastq.gz	20240401/L7/W6-57300-105_3e2b2d02-20bb-4360-ac83-773f66501356_S94_L007_R2_001.fastq.gz
W6-57300-106	W6-57300	Distichlis_spicata	NY	US	unknown	-73.48291	40.94269	20240401/L7/W6-57300-106_28f58ecc-0d76-48ed-8175-495a2c2cc07a_S91_L007_R1_001.fastq.gz	20240401/L7/W6-57300-106_28f58ecc-0d76-48ed-8175-495a2c2cc07a_S91_L007_R2_001.fastq.gz
W6-57300-112	W6-57300	Distichlis_spicata	NY	US	unknown	-73.48291	40.94269	20240401/L7/W6-57300-112_d4b1e5db-4887-4873-9cef-f6826d4fc411_S96_L007_R1_001.fastq.gz	20240401/L7/W6-57300-112_d4b1e5db-4887-4873-9cef-f6826d4fc411_S96_L007_R2_001.fastq.gz
W6-57300-113	W6-57300	Distichlis_spicata	NY	US	unknown	-73.48291	40.94269	20240401/L7/W6-57300-113_1bc02c3b-7053-4f9c-8041-c97ff2c80436_S86_L007_R1_001.fastq.gz	20240401/L7/W6-57300-113_1bc02c3b-7053-4f9c-8041-c97ff2c80436_S86_L007_R2_001.fastq.gz
W6-57300-114	W6-57300	Distichlis_spicata	NY	US	unknown	-73.48291	40.94269	20240401/L7/W6-57300-114_63c18b9a-8f8d-4540-9b4e-07e60dbe76d3_S83_L007_R1_001.fastq.gz	20240401/L7/W6-57300-114_63c18b9a-8f8d-4540-9b4e-07e60dbe76d3_S83_L007_R2_001.fastq.gz
W6-57300-115	W6-57300	Distichlis_spicata	NY	US	unknown	-73.48291	40.94269	20240401/L7/W6-57300-115_48ef04e2-6569-43e5-9ce3-c227137fd35b_S85_L007_R1_001.fastq.gz	20240401/L7/W6-57300-115_48ef04e2-6569-43e5-9ce3-c227137fd35b_S85_L007_R2_001.fastq.gz
W6-57300-116	W6-57300	Distichlis_spicata	NY	US	unknown	-73.48291	40.94269	20240401/L7/W6-57300-116_179d241e-97f9-47e0-a65c-77994024fa64_S92_L007_R1_001.fastq.gz	20240401/L7/W6-57300-116_179d241e-97f9-47e0-a65c-77994024fa64_S92_L007_R2_001.fastq.gz
W6-57300-117	W6-57300	Distichlis_spicata	NY	US	unknown	-73.48291	40.94269	20240401/L7/W6-57300-117_409b1838-65ed-402e-b725-17ba2095d9e1_S84_L007_R1_001.fastq.gz	20240401/L7/W6-57300-117_409b1838-65ed-402e-b725-17ba2095d9e1_S84_L007_R2_001.fastq.gz
W6-48549-101	W6-48549	Distichlis_spicata	CA	US	unknown	-122.17088	39.42205	20240404/L7/W6-48549-101_9178b1e6-f4c3-421b-a508-a0c8e0879074_S68_L007_R1_001.fastq.gz	20240404/L7/W6-48549-101_9178b1e6-f4c3-421b-a508-a0c8e0879074_S68_L007_R2_001.fastq.gz
W6-48549-102	W6-48549	Distichlis_spicata	CA	US	unknown	-122.17088	39.42205	20240404/L7/W6-48549-102_301021cc-6593-4670-b66d-11240a77d6b9_S82_L007_R1_001.fastq.gz	20240404/L7/W6-48549-102_301021cc-6593-4670-b66d-11240a77d6b9_S82_L007_R2_001.fastq.gz
W6-48549-103	W6-48549	Distichlis_spicata	CA	US	unknown	-122.17088	39.42205	20240404/L7/W6-48549-103_7a74e74e-0af5-430d-8a4a-7b1b97c20632_S57_L007_R1_001.fastq.gz	20240404/L7/W6-48549-103_7a74e74e-0af5-430d-8a4a-7b1b97c20632_S57_L007_R2_001.fastq.gz
W6-48549-104	W6-48549	Distichlis_spicata	CA	US	unknown	-122.17088	39.42205	20240404/L7/W6-48549-104_6229387c-3ecd-4070-9bbc-89d1d4f33809_S83_L007_R1_001.fastq.gz	20240404/L7/W6-48549-104_6229387c-3ecd-4070-9bbc-89d1d4f33809_S83_L007_R2_001.fastq.gz
W6-48549-105	W6-48549	Distichlis_spicata	CA	US	unknown	-122.17088	39.42205	20240404/L7/W6-48549-105_9b4652a6-b6ad-4191-a763-2a55761ee44a_S58_L007_R1_001.fastq.gz	20240404/L7/W6-48549-105_9b4652a6-b6ad-4191-a763-2a55761ee44a_S58_L007_R2_001.fastq.gz
W6-48549-106	W6-48549	Distichlis_spicata	CA	US	unknown	-122.17088	39.42205	20240404/L7/W6-48549-106_f06d9ee3-4ea8-41d6-b575-196fa15c8654_S81_L007_R1_001.fastq.gz	20240404/L7/W6-48549-106_f06d9ee3-4ea8-41d6-b575-196fa15c8654_S81_L007_R2_001.fastq.gz
W6-48549-107	W6-48549	Distichlis_spicata	CA	US	unknown	-122.17088	39.42205	20240404/L7/W6-48549-107_a09775c6-7039-4f7a-9620-fcc2a9fcca33_S77_L007_R1_001.fastq.gz	20240404/L7/W6-48549-107_a09775c6-7039-4f7a-9620-fcc2a9fcca33_S77_L007_R2_001.fastq.gz
W6-48549-108	W6-48549	Distichlis_spicata	CA	US	unknown	-122.17088	39.42205	20240404/L7/W6-48549-108_06862cd6-5c8a-4086-83cf-a72b6d48b1e4_S48_L007_R1_001.fastq.gz	20240404/L7/W6-48549-108_06862cd6-5c8a-4086-83cf-a72b6d48b1e4_S48_L007_R2_001.fastq.gz
W6-48549-109	W6-48549	Distichlis_spicata	CA	US	unknown	-122.17088	39.42205	20240404/L7/W6-48549-109_83e367a8-26e6-4965-aaa3-30855300fd58_S50_L007_R1_001.fastq.gz	20240404/L7/W6-48549-109_83e367a8-26e6-4965-aaa3-30855300fd58_S50_L007_R2_001.fastq.gz
W6-48549-110	W6-48549	Distichlis_spicata	CA	US	unknown	-122.17088	39.42205	20240404/L7/W6-48549-110_a81308c9-5ec6-400f-a997-03c56c2dc5c8_S44_L007_R1_001.fastq.gz	20240404/L7/W6-48549-110_a81308c9-5ec6-400f-a997-03c56c2dc5c8_S44_L007_R2_001.fastq.gz
W6-48549-111	W6-48549	Distichlis_spicata	CA	US	unknown	-122.17088	39.42205	20240404/L7/W6-48549-111_1c397957-e0df-4b54-a953-62e459e1be85_S46_L007_R1_001.fastq.gz	20240404/L7/W6-48549-111_1c397957-e0df-4b54-a953-62e459e1be85_S46_L007_R2_001.fastq.gz
W6-48549-112	W6-48549	Distichlis_spicata	CA	US	unknown	-122.17088	39.42205	20240404/L7/W6-48549-112_558f34a8-8495-45a0-ad05-679deb663ab8_S59_L007_R1_001.fastq.gz	20240404/L7/W6-48549-112_558f34a8-8495-45a0-ad05-679deb663ab8_S59_L007_R2_001.fastq.gz
W6-48549-113	W6-48549	Distichlis_spicata	CA	US	unknown	-122.17088	39.42205	20240404/L7/W6-48549-113_983f0c5e-1830-4493-b1c9-86dcb0a71dac_S69_L007_R1_001.fastq.gz	20240404/L7/W6-48549-113_983f0c5e-1830-4493-b1c9-86dcb0a71dac_S69_L007_R2_001.fastq.gz
W6-48549-114	W6-48549	Distichlis_spicata	CA	US	unknown	-122.17088	39.42205	20240404/L7/W6-48549-114_db226c63-f139-4941-a2e7-4374989674b4_S54_L007_R1_001.fastq.gz	20240404/L7/W6-48549-114_db226c63-f139-4941-a2e7-4374989674b4_S54_L007_R2_001.fastq.gz
W6-48549-115	W6-48549	Distichlis_spicata	CA	US	unknown	-122.17088	39.42205	20240404/L7/W6-48549-115_d9c2e7d3-73c5-481e-a37b-b4b436520d54_S78_L007_R1_001.fastq.gz	20240404/L7/W6-48549-115_d9c2e7d3-73c5-481e-a37b-b4b436520d54_S78_L007_R2_001.fastq.gz
W6-48549-116	W6-48549	Distichlis_spicata	CA	US	unknown	-122.17088	39.42205	20240404/L7/W6-48549-116_94d8353b-142b-4793-b419-ccc194d27b36_S60_L007_R1_001.fastq.gz	20240404/L7/W6-48549-116_94d8353b-142b-4793-b419-ccc194d27b36_S60_L007_R2_001.fastq.gz
W6-48549-117	W6-48549	Distichlis_spicata	CA	US	unknown	-122.17088	39.42205	20240404/L7/W6-48549-117_ae771d9c-df0f-466a-8bd2-bdd864c95e38_S55_L007_R1_001.fastq.gz	20240404/L7/W6-48549-117_ae771d9c-df0f-466a-8bd2-bdd864c95e38_S55_L007_R2_001.fastq.gz
W6-48549-118	W6-48549	Distichlis_spicata	CA	US	unknown	-122.17088	39.42205	20240404/L7/W6-48549-118_bd301bca-f2a7-43fb-896c-7d08eaa8106f_S70_L007_R1_001.fastq.gz	20240404/L7/W6-48549-118_bd301bca-f2a7-43fb-896c-7d08eaa8106f_S70_L007_R2_001.fastq.gz
W6-48549-119	W6-48549	Distichlis_spicata	CA	US	unknown	-122.17088	39.42205	20240404/L7/W6-48549-119_15d00b40-590d-4d4b-8adc-20160ea8cb52_S47_L007_R1_001.fastq.gz	20240404/L7/W6-48549-119_15d00b40-590d-4d4b-8adc-20160ea8cb52_S47_L007_R2_001.fastq.gz
W6-48549-120	W6-48549	Distichlis_spicata	CA	US	unknown	-122.17088	39.42205	20240404/L7/W6-48549-120_606f905e-3f9d-4e4e-87a5-c944887d4819_S26_L007_R1_001.fastq.gz	20240404/L7/W6-48549-120_606f905e-3f9d-4e4e-87a5-c944887d4819_S26_L007_R2_001.fastq.gz
W6-48549-121	W6-48549	Distichlis_spicata	CA	US	unknown	-122.17088	39.42205	20240404/L7/W6-48549-121_c3562f6d-f18c-46a8-86e7-ce29b7018cf2_S65_L007_R1_001.fastq.gz	20240404/L7/W6-48549-121_c3562f6d-f18c-46a8-86e7-ce29b7018cf2_S65_L007_R2_001.fastq.gz
W6-48549-122	W6-48549	Distichlis_spicata	CA	US	unknown	-122.17088	39.42205	20240404/L7/W6-48549-122_325f3b79-0f65-414e-9df3-595a50e490d8_S56_L007_R1_001.fastq.gz	20240404/L7/W6-48549-122_325f3b79-0f65-414e-9df3-595a50e490d8_S56_L007_R2_001.fastq.gz
W6-48549-123	W6-48549	Distichlis_spicata	CA	US	unknown	-122.17088	39.42205	20240404/L7/W6-48549-123_424bf263-1e4f-4962-a269-15e8618a739d_S64_L007_R1_001.fastq.gz	20240404/L7/W6-48549-123_424bf263-1e4f-4962-a269-15e8618a739d_S64_L007_R2_001.fastq.gz
W6-48549-124	W6-48549	Distichlis_spicata	CA	US	unknown	-122.17088	39.42205	20240404/L7/W6-48549-124_9c10f70e-46d9-45c5-a4ae-de4a328864fe_S71_L007_R1_001.fastq.gz	20240404/L7/W6-48549-124_9c10f70e-46d9-45c5-a4ae-de4a328864fe_S71_L007_R2_001.fastq.gz
W6-48549-125	W6-48549	Distichlis_spicata	CA	US	unknown	-122.17088	39.42205	20240404/L7/W6-48549-125_abe55bbe-1e9b-48f9-af1f-e81376eb5cfd_S80_L007_R1_001.fastq.gz	20240404/L7/W6-48549-125_abe55bbe-1e9b-48f9-af1f-e81376eb5cfd_S80_L007_R2_001.fastq.gz
W6-48549-126	W6-48549	Distichlis_spicata	CA	US	unknown	-122.17088	39.42205	20240404/L7/W6-48549-126_4c4fbf5b-da3c-4053-ac2d-fa35a085bf77_S72_L007_R1_001.fastq.gz	20240404/L7/W6-48549-126_4c4fbf5b-da3c-4053-ac2d-fa35a085bf77_S72_L007_R2_001.fastq.gz
W6-48549-127	W6-48549	Distichlis_spicata	CA	US	unknown	-122.17088	39.42205	20240404/L7/W6-48549-127_a6970fb1-7e8d-44a7-b265-922b662c3d9e_S73_L007_R1_001.fastq.gz	20240404/L7/W6-48549-127_a6970fb1-7e8d-44a7-b265-922b662c3d9e_S73_L007_R2_001.fastq.gz
W6-48549-128	W6-48549	Distichlis_spicata	CA	US	unknown	-122.17088	39.42205	20240404/L7/W6-48549-128_afa18fe4-140f-440c-a4c9-995b15c12e69_S53_L007_R1_001.fastq.gz	20240404/L7/W6-48549-128_afa18fe4-140f-440c-a4c9-995b15c12e69_S53_L007_R2_001.fastq.gz
W6-48549-129	W6-48549	Distichlis_spicata	CA	US	unknown	-122.17088	39.42205	20240404/L7/W6-48549-129_ea3ddc97-fbc4-4ee5-86e8-7ce7347cacf5_S75_L007_R1_001.fastq.gz	20240404/L7/W6-48549-129_ea3ddc97-fbc4-4ee5-86e8-7ce7347cacf5_S75_L007_R2_001.fastq.gz
W6-48549-130	W6-48549	Distichlis_spicata	CA	US	unknown	-122.17088	39.42205	20240404/L7/W6-48549-130_1b6fadc6-7157-44fc-80b0-eb3efacb4b16_S52_L007_R1_001.fastq.gz	20240404/L7/W6-48549-130_1b6fadc6-7157-44fc-80b0-eb3efacb4b16_S52_L007_R2_001.fastq.gz
W6-48549-131	W6-48549	Distichlis_spicata	CA	US	unknown	-122.17088	39.42205	20240404/L7/W6-48549-131_bcc10a8f-595a-448a-b1e8-0ea34a9446df_S74_L007_R1_001.fastq.gz	20240404/L7/W6-48549-131_bcc10a8f-595a-448a-b1e8-0ea34a9446df_S74_L007_R2_001.fastq.gz
W6-48549-132	W6-48549	Distichlis_spicata	CA	US	unknown	-122.17088	39.42205	20240404/L7/W6-48549-132_f9365383-0719-48c6-bea8-801164a89567_S49_L007_R1_001.fastq.gz	20240404/L7/W6-48549-132_f9365383-0719-48c6-bea8-801164a89567_S49_L007_R2_001.fastq.gz
W6-48549-133	W6-48549	Distichlis_spicata	CA	US	unknown	-122.17088	39.42205	20240404/L7/W6-48549-133_58b2f987-329b-4806-8124-44967f3f8333_S43_L007_R1_001.fastq.gz	20240404/L7/W6-48549-133_58b2f987-329b-4806-8124-44967f3f8333_S43_L007_R2_001.fastq.gz
W6-48549-134	W6-48549	Distichlis_spicata	CA	US	unknown	-122.17088	39.42205	20240404/L7/W6-48549-134_8b1fcb2f-0ee4-4cf5-9be3-5b1221790ae0_S45_L007_R1_001.fastq.gz	20240404/L7/W6-48549-134_8b1fcb2f-0ee4-4cf5-9be3-5b1221790ae0_S45_L007_R2_001.fastq.gz
W6-48549-135	W6-48549	Distichlis_spicata	CA	US	unknown	-122.17088	39.42205	20240404/L7/W6-48549-135_a7adea6b-c669-4a0b-9e28-d43b0e3d1687_S63_L007_R1_001.fastq.gz	20240404/L7/W6-48549-135_a7adea6b-c669-4a0b-9e28-d43b0e3d1687_S63_L007_R2_001.fastq.gz
W6-48549-136	W6-48549	Distichlis_spicata	CA	US	unknown	-122.17088	39.42205	20240404/L7/W6-48549-136_91467a21-2701-4f73-bc6b-4001240ca5ae_S51_L007_R1_001.fastq.gz	20240404/L7/W6-48549-136_91467a21-2701-4f73-bc6b-4001240ca5ae_S51_L007_R2_001.fastq.gz
W6-48549-137	W6-48549	Distichlis_spicata	CA	US	unknown	-122.17088	39.42205	20240404/L7/W6-48549-137_322cb992-241b-42d9-91c1-0feeb9a387a8_S76_L007_R1_001.fastq.gz	20240404/L7/W6-48549-137_322cb992-241b-42d9-91c1-0feeb9a387a8_S76_L007_R2_001.fastq.gz
W6-48549-138	W6-48549	Distichlis_spicata	CA	US	unknown	-122.17088	39.42205	20240404/L7/W6-48549-138_d115971f-ab8f-4e8b-ae0b-208a74530a8b_S27_L007_R1_001.fastq.gz	20240404/L7/W6-48549-138_d115971f-ab8f-4e8b-ae0b-208a74530a8b_S27_L007_R2_001.fastq.gz
W6-48549-139	W6-48549	Distichlis_spicata	CA	US	unknown	-122.17088	39.42205	20240404/L7/W6-48549-139_78976390-6906-4a3d-9b98-09683a3f3915_S61_L007_R1_001.fastq.gz	20240404/L7/W6-48549-139_78976390-6906-4a3d-9b98-09683a3f3915_S61_L007_R2_001.fastq.gz
W6-48549-140	W6-48549	Distichlis_spicata	CA	US	unknown	-122.17088	39.42205	20240404/L7/W6-48549-140_f078abd5-f5c0-4330-82a3-53ee23522c7d_S28_L007_R1_001.fastq.gz	20240404/L7/W6-48549-140_f078abd5-f5c0-4330-82a3-53ee23522c7d_S28_L007_R2_001.fastq.gz
W6-48549-141	W6-48549	Distichlis_spicata	CA	US	unknown	-122.17088	39.42205	20240404/L7/W6-48549-141_8ed94561-1c2c-4ef1-ba81-eb66e0bbf995_S62_L007_R1_001.fastq.gz	20240404/L7/W6-48549-141_8ed94561-1c2c-4ef1-ba81-eb66e0bbf995_S62_L007_R2_001.fastq.gz
W6-48549-142	W6-48549	Distichlis_spicata	CA	US	unknown	-122.17088	39.42205	20240404/L7/W6-48549-142_14b6fe21-57eb-465d-84d1-c00ffbba9c5d_S66_L007_R1_001.fastq.gz	20240404/L7/W6-48549-142_14b6fe21-57eb-465d-84d1-c00ffbba9c5d_S66_L007_R2_001.fastq.gz
W6-48549-143	W6-48549	Distichlis_spicata	CA	US	unknown	-122.17088	39.42205	20240404/L7/W6-48549-143_e8003be3-6d1a-4a89-81cb-a341cb94ff8f_S79_L007_R1_001.fastq.gz	20240404/L7/W6-48549-143_e8003be3-6d1a-4a89-81cb-a341cb94ff8f_S79_L007_R2_001.fastq.gz
W6-48549-144	W6-48549	Distichlis_spicata	CA	US	unknown	-122.17088	39.42205	20240404/L7/W6-48549-144_4d33bd1e-74b0-4663-8451-827fd32dbc90_S29_L007_R1_001.fastq.gz	20240404/L7/W6-48549-144_4d33bd1e-74b0-4663-8451-827fd32dbc90_S29_L007_R2_001.fastq.gz
W6-48549-145	W6-48549	Distichlis_spicata	CA	US	unknown	-122.17088	39.42205	20240404/L7/W6-48549-145_0dfefd5f-c4b5-41b7-bae7-ee4120e0ac32_S67_L007_R1_001.fastq.gz	20240404/L7/W6-48549-145_0dfefd5f-c4b5-41b7-bae7-ee4120e0ac32_S67_L007_R2_001.fastq.gz
W6-48549-146	W6-48549	Distichlis_spicata	CA	US	unknown	-122.17088	39.42205	20240404/L7/W6-48549-146_d0bb08b1-5f90-4bef-8fd7-b721829f4028_S84_L007_R1_001.fastq.gz	20240404/L7/W6-48549-146_d0bb08b1-5f90-4bef-8fd7-b721829f4028_S84_L007_R2_001.fastq.gz
W6-52901-101	W6-52901	Distichlis_spicata	NJ	US	unknown	-75.25436	39.32719	20240404/L7/W6-52901-101_062a5e73-9428-42fe-8fed-73d9e43dc478_S90_L007_R1_001.fastq.gz	20240404/L7/W6-52901-101_062a5e73-9428-42fe-8fed-73d9e43dc478_S90_L007_R2_001.fastq.gz
W6-52901-104	W6-52901	Distichlis_spicata	NJ	US	unknown	-75.25436	39.32719	20240404/L7/W6-52901-104_42399828-5e8b-44d5-a8e3-8770348ac797_S93_L007_R1_001.fastq.gz	20240404/L7/W6-52901-104_42399828-5e8b-44d5-a8e3-8770348ac797_S93_L007_R2_001.fastq.gz
W6-52901-105	W6-52901	Distichlis_spicata	NJ	US	unknown	-75.25436	39.32719	20240404/L7/W6-52901-105_41aafe2f-4c1b-4315-8b11-69db9a6f09fb_S91_L007_R1_001.fastq.gz	20240404/L7/W6-52901-105_41aafe2f-4c1b-4315-8b11-69db9a6f09fb_S91_L007_R2_001.fastq.gz
W6-52901-106	W6-52901	Distichlis_spicata	NJ	US	unknown	-75.25436	39.32719	20240404/L7/W6-52901-106_470155f1-b054-4b0d-9e8e-f3b8248a0132_S85_L007_R1_001.fastq.gz	20240404/L7/W6-52901-106_470155f1-b054-4b0d-9e8e-f3b8248a0132_S85_L007_R2_001.fastq.gz
W6-52901-113	W6-52901	Distichlis_spicata	NJ	US	unknown	-75.25436	39.32719	20240404/L7/W6-52901-113_1d71f1cb-2fa0-4859-93c7-4d29deeb6eed_S87_L007_R1_001.fastq.gz	20240404/L7/W6-52901-113_1d71f1cb-2fa0-4859-93c7-4d29deeb6eed_S87_L007_R2_001.fastq.gz
W6-52901-114	W6-52901	Distichlis_spicata	NJ	US	unknown	-75.25436	39.32719	20240404/L7/W6-52901-114_59c05ad5-7a12-44c4-8915-64443ac93bc7_S86_L007_R1_001.fastq.gz	20240404/L7/W6-52901-114_59c05ad5-7a12-44c4-8915-64443ac93bc7_S86_L007_R2_001.fastq.gz
W6-52901-115	W6-52901	Distichlis_spicata	NJ	US	unknown	-75.25436	39.32719	20240404/L7/W6-52901-115_80f59c55-e16a-4fa2-af00-9c6abad403e7_S89_L007_R1_001.fastq.gz	20240404/L7/W6-52901-115_80f59c55-e16a-4fa2-af00-9c6abad403e7_S89_L007_R2_001.fastq.gz
W6-52901-116	W6-52901	Distichlis_spicata	NJ	US	unknown	-75.25436	39.32719	20240404/L7/W6-52901-116_4c0df630-39b1-4dbf-8268-9355da4a9520_S88_L007_R1_001.fastq.gz	20240404/L7/W6-52901-116_4c0df630-39b1-4dbf-8268-9355da4a9520_S88_L007_R2_001.fastq.gz
W6-52901-118	W6-52901	Distichlis_spicata	NJ	US	unknown	-75.25436	39.32719	20240404/L7/W6-52901-118_7e8fe27c-bd75-4cdc-9995-2e16df630e0a_S92_L007_R1_001.fastq.gz	20240404/L7/W6-52901-118_7e8fe27c-bd75-4cdc-9995-2e16df630e0a_S92_L007_R2_001.fastq.gz
W6-54702-114	W6-54702	Distichlis_spicata	VA	US	unknown	-75.32894	37.92725	20240404/L7/W6-54702-114_63e96203-13f4-4751-a0ec-6d9e85b80ca9_S94_L007_R1_001.fastq.gz	20240404/L7/W6-54702-114_63e96203-13f4-4751-a0ec-6d9e85b80ca9_S94_L007_R2_001.fastq.gz
W6-54702-118	W6-54702	Distichlis_spicata	VA	US	unknown	-75.32894	37.92725	20240404/L7/W6-54702-118_44740919-e5fa-4429-ac16-2f60dc3fce2c_S95_L007_R1_001.fastq.gz	20240404/L7/W6-54702-118_44740919-e5fa-4429-ac16-2f60dc3fce2c_S95_L007_R2_001.fastq.gz
W6-54702-128	W6-54702	Distichlis_spicata	VA	US	unknown	-75.32894	37.92725	20240404/L7/W6-54702-128_08d1aed2-f395-4691-8795-9a9e9b6b1ad6_S96_L007_R1_001.fastq.gz	20240404/L7/W6-54702-128_08d1aed2-f395-4691-8795-9a9e9b6b1ad6_S96_L007_R2_001.fastq.gz
W6-54757-101	W6-54757	Distichlis_spicata	VA	US	unknown	-75.83363	37.46934	20240404/L7/W6-54757-101_e29e1ad5-8ee5-45ff-bfaa-feb89a2ad1c3_S9_L007_R1_001.fastq.gz	20240404/L7/W6-54757-101_e29e1ad5-8ee5-45ff-bfaa-feb89a2ad1c3_S9_L007_R2_001.fastq.gz
W6-54757-105	W6-54757	Distichlis_spicata	VA	US	unknown	-75.83363	37.46934	20240404/L7/W6-54757-105_b30b44cd-d287-4ee9-84a7-5424e9cd0806_S8_L007_R1_001.fastq.gz	20240404/L7/W6-54757-105_b30b44cd-d287-4ee9-84a7-5424e9cd0806_S8_L007_R2_001.fastq.gz
W6-54762-101	W6-54762	Distichlis_spicata	MD	US	unknown	-76.23452	38.95283	20240404/L7/W6-54762-101_53b56bcc-15f2-4ff5-bdc3-8c233b5d78c9_S39_L007_R1_001.fastq.gz	20240404/L7/W6-54762-101_53b56bcc-15f2-4ff5-bdc3-8c233b5d78c9_S39_L007_R2_001.fastq.gz
W6-54762-102	W6-54762	Distichlis_spicata	MD	US	unknown	-76.23452	38.95283	20240404/L7/W6-54762-102_095c7673-98ff-4ab0-a843-12da6cb1cd77_S32_L007_R1_001.fastq.gz	20240404/L7/W6-54762-102_095c7673-98ff-4ab0-a843-12da6cb1cd77_S32_L007_R2_001.fastq.gz
W6-54762-103	W6-54762	Distichlis_spicata	MD	US	unknown	-76.23452	38.95283	20240404/L7/W6-54762-103_ed5da7e5-20a6-4771-8530-e35d1c1da990_S31_L007_R1_001.fastq.gz	20240404/L7/W6-54762-103_ed5da7e5-20a6-4771-8530-e35d1c1da990_S31_L007_R2_001.fastq.gz
W6-54773-101	W6-54773	Distichlis_spicata	VA	US	unknown	-76.71487	37.41562	20240404/L7/W6-54773-101_f60ec777-6f8f-44cd-8f7e-7289c583c708_S16_L007_R1_001.fastq.gz	20240404/L7/W6-54773-101_f60ec777-6f8f-44cd-8f7e-7289c583c708_S16_L007_R2_001.fastq.gz
W6-54773-102	W6-54773	Distichlis_spicata	VA	US	unknown	-76.71487	37.41562	20240404/L7/W6-54773-102_4a3f8538-a01d-4c25-8965-98b9e5b14204_S15_L007_R1_001.fastq.gz	20240404/L7/W6-54773-102_4a3f8538-a01d-4c25-8965-98b9e5b14204_S15_L007_R2_001.fastq.gz
W6-54773-103	W6-54773	Distichlis_spicata	VA	US	unknown	-76.71487	37.41562	20240404/L7/W6-54773-103_7c3fab49-3016-446c-bdc6-ddaaf6867afc_S14_L007_R1_001.fastq.gz	20240404/L7/W6-54773-103_7c3fab49-3016-446c-bdc6-ddaaf6867afc_S14_L007_R2_001.fastq.gz
W6-54773-104	W6-54773	Distichlis_spicata	VA	US	unknown	-76.71487	37.41562	20240404/L7/W6-54773-104_41d66282-a855-4312-a366-6c6dc2d0a9d3_S13_L007_R1_001.fastq.gz	20240404/L7/W6-54773-104_41d66282-a855-4312-a366-6c6dc2d0a9d3_S13_L007_R2_001.fastq.gz
W6-54773-105	W6-54773	Distichlis_spicata	VA	US	unknown	-76.71487	37.41562	20240404/L7/W6-54773-105_8dba7214-54fd-45a2-af9a-b3b73f37c659_S11_L007_R1_001.fastq.gz	20240404/L7/W6-54773-105_8dba7214-54fd-45a2-af9a-b3b73f37c659_S11_L007_R2_001.fastq.gz
W6-54773-106	W6-54773	Distichlis_spicata	VA	US	unknown	-76.71487	37.41562	20240404/L7/W6-54773-106_92b4bc61-c3db-4900-9cdd-7214f842fb35_S10_L007_R1_001.fastq.gz	20240404/L7/W6-54773-106_92b4bc61-c3db-4900-9cdd-7214f842fb35_S10_L007_R2_001.fastq.gz
W6-54773-107	W6-54773	Distichlis_spicata	VA	US	unknown	-76.71487	37.41562	20240404/L7/W6-54773-107_8eae922c-3052-4148-8bbc-1957a7b3269c_S18_L007_R1_001.fastq.gz	20240404/L7/W6-54773-107_8eae922c-3052-4148-8bbc-1957a7b3269c_S18_L007_R2_001.fastq.gz
W6-54773-108	W6-54773	Distichlis_spicata	VA	US	unknown	-76.71487	37.41562	20240404/L7/W6-54773-108_a8990d2c-2a6a-47ed-ab0e-3491dc00fd5e_S17_L007_R1_001.fastq.gz	20240404/L7/W6-54773-108_a8990d2c-2a6a-47ed-ab0e-3491dc00fd5e_S17_L007_R2_001.fastq.gz
W6-54773-109	W6-54773	Distichlis_spicata	VA	US	unknown	-76.71487	37.41562	20240404/L7/W6-54773-109_99aef0b6-2965-4839-a39d-644d975f6420_S12_L007_R1_001.fastq.gz	20240404/L7/W6-54773-109_99aef0b6-2965-4839-a39d-644d975f6420_S12_L007_R2_001.fastq.gz
W6-57277-101	W6-57277	Distichlis_spicata	NY	US	unknown	-72.85702	40.9638	20240404/L7/W6-57277-101_db83554d-e4cf-4702-95d6-01e21ecd5c25_S42_L007_R1_001.fastq.gz	20240404/L7/W6-57277-101_db83554d-e4cf-4702-95d6-01e21ecd5c25_S42_L007_R2_001.fastq.gz
W6-57277-102	W6-57277	Distichlis_spicata	NY	US	unknown	-72.85702	40.9638	20240404/L7/W6-57277-102_cf94d326-4c9f-4594-bdb0-e93e19444345_S35_L007_R1_001.fastq.gz	20240404/L7/W6-57277-102_cf94d326-4c9f-4594-bdb0-e93e19444345_S35_L007_R2_001.fastq.gz
W6-57277-103	W6-57277	Distichlis_spicata	NY	US	unknown	-72.85702	40.9638	20240404/L7/W6-57277-103_d864ab21-bf23-4a74-a7cb-f67b9c1d28be_S40_L007_R1_001.fastq.gz	20240404/L7/W6-57277-103_d864ab21-bf23-4a74-a7cb-f67b9c1d28be_S40_L007_R2_001.fastq.gz
W6-57277-104	W6-57277	Distichlis_spicata	NY	US	unknown	-72.85702	40.9638	20240404/L7/W6-57277-104_9257bd60-3d01-481d-9fb3-f96a69ae0340_S37_L007_R1_001.fastq.gz	20240404/L7/W6-57277-104_9257bd60-3d01-481d-9fb3-f96a69ae0340_S37_L007_R2_001.fastq.gz
W6-57277-105	W6-57277	Distichlis_spicata	NY	US	unknown	-72.85702	40.9638	20240404/L7/W6-57277-105_11f75999-14c9-497b-80cd-0b7dcfea06f0_S19_L007_R1_001.fastq.gz	20240404/L7/W6-57277-105_11f75999-14c9-497b-80cd-0b7dcfea06f0_S19_L007_R2_001.fastq.gz
W6-57277-106	W6-57277	Distichlis_spicata	NY	US	unknown	-72.85702	40.9638	20240404/L7/W6-57277-106_1f89a5e2-9c09-48bc-9b33-b3bbc632acbf_S21_L007_R1_001.fastq.gz	20240404/L7/W6-57277-106_1f89a5e2-9c09-48bc-9b33-b3bbc632acbf_S21_L007_R2_001.fastq.gz
W6-57277-107	W6-57277	Distichlis_spicata	NY	US	unknown	-72.85702	40.9638	20240404/L7/W6-57277-107_17c088f1-ff5e-408a-a7bb-70e93406f0c0_S23_L007_R1_001.fastq.gz	20240404/L7/W6-57277-107_17c088f1-ff5e-408a-a7bb-70e93406f0c0_S23_L007_R2_001.fastq.gz
W6-57277-108	W6-57277	Distichlis_spicata	NY	US	unknown	-72.85702	40.9638	20240404/L7/W6-57277-108_fc268a8f-4f99-4922-a6ef-af4c1df57146_S25_L007_R1_001.fastq.gz	20240404/L7/W6-57277-108_fc268a8f-4f99-4922-a6ef-af4c1df57146_S25_L007_R2_001.fastq.gz
W6-57277-109	W6-57277	Distichlis_spicata	NY	US	unknown	-72.85702	40.9638	20240404/L7/W6-57277-109_5bb226ec-9a12-4fa2-84f3-b96b796faea9_S24_L007_R1_001.fastq.gz	20240404/L7/W6-57277-109_5bb226ec-9a12-4fa2-84f3-b96b796faea9_S24_L007_R2_001.fastq.gz
W6-57277-110	W6-57277	Distichlis_spicata	NY	US	unknown	-72.85702	40.9638	20240404/L7/W6-57277-110_12871dc0-f7c2-45a6-9b0e-13bc741a44c9_S41_L007_R1_001.fastq.gz	20240404/L7/W6-57277-110_12871dc0-f7c2-45a6-9b0e-13bc741a44c9_S41_L007_R2_001.fastq.gz
W6-57277-111	W6-57277	Distichlis_spicata	NY	US	unknown	-72.85702	40.9638	20240404/L7/W6-57277-111_ad5e04c0-e10f-49e0-b63b-5bb4752ecf44_S36_L007_R1_001.fastq.gz	20240404/L7/W6-57277-111_ad5e04c0-e10f-49e0-b63b-5bb4752ecf44_S36_L007_R2_001.fastq.gz
W6-57277-112	W6-57277	Distichlis_spicata	NY	US	unknown	-72.85702	40.9638	20240404/L7/W6-57277-112_e1581fb6-7583-4f78-94fd-b89fbd742322_S22_L007_R1_001.fastq.gz	20240404/L7/W6-57277-112_e1581fb6-7583-4f78-94fd-b89fbd742322_S22_L007_R2_001.fastq.gz
W6-57277-113	W6-57277	Distichlis_spicata	NY	US	unknown	-72.85702	40.9638	20240404/L7/W6-57277-113_c2fafe9f-32fa-41b3-8684-1a6470be1f9b_S38_L007_R1_001.fastq.gz	20240404/L7/W6-57277-113_c2fafe9f-32fa-41b3-8684-1a6470be1f9b_S38_L007_R2_001.fastq.gz
W6-57277-114	W6-57277	Distichlis_spicata	NY	US	unknown	-72.85702	40.9638	20240404/L7/W6-57277-114_926725f2-243a-4be6-b43d-83456a3940f2_S33_L007_R1_001.fastq.gz	20240404/L7/W6-57277-114_926725f2-243a-4be6-b43d-83456a3940f2_S33_L007_R2_001.fastq.gz
W6-57277-115	W6-57277	Distichlis_spicata	NY	US	unknown	-72.85702	40.9638	20240404/L7/W6-57277-115_07e06e4e-f402-44a3-9a47-9565b9761f4d_S34_L007_R1_001.fastq.gz	20240404/L7/W6-57277-115_07e06e4e-f402-44a3-9a47-9565b9761f4d_S34_L007_R2_001.fastq.gz
W6-57285-101	W6-57285	Distichlis_spicata	NJ	US	unknown	-75.02756	39.19603	20240404/L7/W6-57285-101_28399dc4-65cb-4824-8e6e-09f45e25c6f3_S30_L007_R1_001.fastq.gz	20240404/L7/W6-57285-101_28399dc4-65cb-4824-8e6e-09f45e25c6f3_S30_L007_R2_001.fastq.gz
W6-57300-101	W6-57300	Distichlis_spicata	NY	US	unknown	-73.48291	40.94269	20240404/L7/W6-57300-101_97c34d33-7f85-470e-aed3-41eb973b89fc_S2_L007_R1_001.fastq.gz	20240404/L7/W6-57300-101_97c34d33-7f85-470e-aed3-41eb973b89fc_S2_L007_R2_001.fastq.gz
W6-57300-102	W6-57300	Distichlis_spicata	NY	US	unknown	-73.48291	40.94269	20240404/L7/W6-57300-102_437bd034-f640-4f03-8cf8-4d65cc2549ec_S1_L007_R1_001.fastq.gz	20240404/L7/W6-57300-102_437bd034-f640-4f03-8cf8-4d65cc2549ec_S1_L007_R2_001.fastq.gz
W6-57300-107	W6-57300	Distichlis_spicata	NY	US	unknown	-73.48291	40.94269	20240404/L7/W6-57300-107_567c714b-a253-436b-aa2c-74a528291545_S7_L007_R1_001.fastq.gz	20240404/L7/W6-57300-107_567c714b-a253-436b-aa2c-74a528291545_S7_L007_R2_001.fastq.gz
W6-57300-108	W6-57300	Distichlis_spicata	NY	US	unknown	-73.48291	40.94269	20240404/L7/W6-57300-108_3a63500c-9766-479e-8695-8bf64609d184_S6_L007_R1_001.fastq.gz	20240404/L7/W6-57300-108_3a63500c-9766-479e-8695-8bf64609d184_S6_L007_R2_001.fastq.gz
W6-57300-109	W6-57300	Distichlis_spicata	NY	US	unknown	-73.48291	40.94269	20240404/L7/W6-57300-109_b7400be6-73be-4aab-9edc-fe7f5c3fae82_S4_L007_R1_001.fastq.gz	20240404/L7/W6-57300-109_b7400be6-73be-4aab-9edc-fe7f5c3fae82_S4_L007_R2_001.fastq.gz
W6-57300-110	W6-57300	Distichlis_spicata	NY	US	unknown	-73.48291	40.94269	20240404/L7/W6-57300-110_fb9c6d84-f863-472a-b199-7c62e4a2ae6f_S5_L007_R1_001.fastq.gz	20240404/L7/W6-57300-110_fb9c6d84-f863-472a-b199-7c62e4a2ae6f_S5_L007_R2_001.fastq.gz
W6-57300-111	W6-57300	Distichlis_spicata	NY	US	unknown	-73.48291	40.94269	20240404/L7/W6-57300-111_7bebbe2d-0cf3-4422-b5b6-6062ab3931f1_S3_L007_R1_001.fastq.gz	20240404/L7/W6-57300-111_7bebbe2d-0cf3-4422-b5b6-6062ab3931f1_S3_L007_R2_001.fastq.gz
cheyenne-23-001	cheyenne-23	Distichlis_stricta	KS	US	unknown	-98.6163274	38.4498056	20240409/L6/cheyenne-23-001_5b944c1b-64c6-4494-9b92-755fd5f4db45_S42_L006_R1_001.fastq.gz	20240409/L6/cheyenne-23-001_5b944c1b-64c6-4494-9b92-755fd5f4db45_S42_L006_R2_001.fastq.gz
cheyenne-23-002	cheyenne-23	Distichlis_stricta	KS	US	unknown	-98.6163274	38.4498056	20240409/L6/cheyenne-23-002_e4eb7594-32c7-4a00-ab30-f5924786f587_S43_L006_R1_001.fastq.gz	20240409/L6/cheyenne-23-002_e4eb7594-32c7-4a00-ab30-f5924786f587_S43_L006_R2_001.fastq.gz
cheyenne-23-003	cheyenne-23	Distichlis_stricta	KS	US	unknown	-98.6163274	38.4498056	20240409/L6/cheyenne-23-003_79e2ae30-d4f0-4ea0-9076-580000db4930_S44_L006_R1_001.fastq.gz	20240409/L6/cheyenne-23-003_79e2ae30-d4f0-4ea0-9076-580000db4930_S44_L006_R2_001.fastq.gz
cheyenne-23-004	cheyenne-23	Distichlis_stricta	KS	US	unknown	-98.6163274	38.4498056	20240409/L6/cheyenne-23-004_fadb8efd-cdd2-4f7f-852f-93476e53abe4_S45_L006_R1_001.fastq.gz	20240409/L6/cheyenne-23-004_fadb8efd-cdd2-4f7f-852f-93476e53abe4_S45_L006_R2_001.fastq.gz
cheyenne-23-005	cheyenne-23	Distichlis_stricta	KS	US	unknown	-98.6163274	38.4498056	20240409/L6/cheyenne-23-005_95afbbee-992a-406e-99fa-0c970e0b50f6_S46_L006_R1_001.fastq.gz	20240409/L6/cheyenne-23-005_95afbbee-992a-406e-99fa-0c970e0b50f6_S46_L006_R2_001.fastq.gz
cheyenne-23-006	cheyenne-23	Distichlis_stricta	KS	US	unknown	-98.6163274	38.4498056	20240409/L6/cheyenne-23-006_7ecffd41-b343-4aab-a634-9b0cb7f661c6_S47_L006_R1_001.fastq.gz	20240409/L6/cheyenne-23-006_7ecffd41-b343-4aab-a634-9b0cb7f661c6_S47_L006_R2_001.fastq.gz
cheyenne-23-007	cheyenne-23	Distichlis_stricta	KS	US	unknown	-98.6163274	38.4498056	20240409/L6/cheyenne-23-007_d4eb607c-0565-4a2c-b7ff-b2c1dfb3d068_S48_L006_R1_001.fastq.gz	20240409/L6/cheyenne-23-007_d4eb607c-0565-4a2c-b7ff-b2c1dfb3d068_S48_L006_R2_001.fastq.gz
cheyenne-23-008	cheyenne-23	Distichlis_stricta	KS	US	unknown	-98.6163274	38.4498056	20240409/L6/cheyenne-23-008_16f21c46-948a-43c1-afd1-f063ef43f9f4_S49_L006_R1_001.fastq.gz	20240409/L6/cheyenne-23-008_16f21c46-948a-43c1-afd1-f063ef43f9f4_S49_L006_R2_001.fastq.gz
cheyenne-23-009	cheyenne-23	Distichlis_stricta	KS	US	unknown	-98.6163274	38.4498056	20240409/L6/cheyenne-23-009_25abe3ad-26ee-47e5-a8d9-06869f95e7ae_S50_L006_R1_001.fastq.gz	20240409/L6/cheyenne-23-009_25abe3ad-26ee-47e5-a8d9-06869f95e7ae_S50_L006_R2_001.fastq.gz
cheyenne-23-010	cheyenne-23	Distichlis_stricta	KS	US	unknown	-98.6163274	38.4498056	20240409/L6/cheyenne-23-010_bb05e082-1490-4e98-9b48-d81c6a8a913e_S51_L006_R1_001.fastq.gz	20240409/L6/cheyenne-23-010_bb05e082-1490-4e98-9b48-d81c6a8a913e_S51_L006_R2_001.fastq.gz
cheyenne-23-011	cheyenne-23	Distichlis_stricta	KS	US	unknown	-98.6163274	38.4498056	20240409/L6/cheyenne-23-011_f02fd5eb-9ce7-412e-802a-5efcc178e6a3_S52_L006_R1_001.fastq.gz	20240409/L6/cheyenne-23-011_f02fd5eb-9ce7-412e-802a-5efcc178e6a3_S52_L006_R2_001.fastq.gz
cheyenne-23-012	cheyenne-23	Distichlis_stricta	KS	US	unknown	-98.6163274	38.4498056	20240409/L6/cheyenne-23-012_2ce1f142-39e7-4dff-bf99-afb3740afa7b_S53_L006_R1_001.fastq.gz	20240409/L6/cheyenne-23-012_2ce1f142-39e7-4dff-bf99-afb3740afa7b_S53_L006_R2_001.fastq.gz
cheyenne-23-013	cheyenne-23	Distichlis_stricta	KS	US	unknown	-98.6163274	38.4498056	20240409/L6/cheyenne-23-013_7d79d155-a7a7-4a33-a2a5-ecd8c1721186_S54_L006_R1_001.fastq.gz	20240409/L6/cheyenne-23-013_7d79d155-a7a7-4a33-a2a5-ecd8c1721186_S54_L006_R2_001.fastq.gz
cheyenne-23-014	cheyenne-23	Distichlis_stricta	KS	US	unknown	-98.6163274	38.4498056	20240409/L6/cheyenne-23-014_9a6f6ce7-fa04-452f-82d0-cd6d46124382_S55_L006_R1_001.fastq.gz	20240409/L6/cheyenne-23-014_9a6f6ce7-fa04-452f-82d0-cd6d46124382_S55_L006_R2_001.fastq.gz
cheyenne-23-015	cheyenne-23	Distichlis_stricta	KS	US	unknown	-98.6163274	38.4498056	20240409/L6/cheyenne-23-015_8b87ad81-ea54-45af-b8b6-53ec53d98c46_S56_L006_R1_001.fastq.gz	20240409/L6/cheyenne-23-015_8b87ad81-ea54-45af-b8b6-53ec53d98c46_S56_L006_R2_001.fastq.gz
cheyenne-23-016	cheyenne-23	Distichlis_stricta	KS	US	unknown	-98.6163274	38.4498056	20240409/L6/cheyenne-23-016_6ef7a737-1355-4df1-8828-4309abb85105_S57_L006_R1_001.fastq.gz	20240409/L6/cheyenne-23-016_6ef7a737-1355-4df1-8828-4309abb85105_S57_L006_R2_001.fastq.gz
cheyenne-23-017	cheyenne-23	Distichlis_stricta	KS	US	unknown	-98.6163274	38.4498056	20240409/L6/cheyenne-23-017_e5acdd27-7eea-4256-9c5e-991e831c2f8a_S58_L006_R1_001.fastq.gz	20240409/L6/cheyenne-23-017_e5acdd27-7eea-4256-9c5e-991e831c2f8a_S58_L006_R2_001.fastq.gz
cheyenne-23-018	cheyenne-23	Distichlis_stricta	KS	US	unknown	-98.6163274	38.4498056	20240409/L6/cheyenne-23-018_5dd6d3da-2df2-4262-8ee7-00621aab0a0b_S59_L006_R1_001.fastq.gz	20240409/L6/cheyenne-23-018_5dd6d3da-2df2-4262-8ee7-00621aab0a0b_S59_L006_R2_001.fastq.gz
cheyenne-23-019	cheyenne-23	Distichlis_stricta	KS	US	unknown	-98.6163274	38.4498056	20240409/L6/cheyenne-23-019_b3e4970d-2098-45f0-843f-bf410f92b599_S60_L006_R1_001.fastq.gz	20240409/L6/cheyenne-23-019_b3e4970d-2098-45f0-843f-bf410f92b599_S60_L006_R2_001.fastq.gz
cheyenne-23-020	cheyenne-23	Distichlis_stricta	KS	US	unknown	-98.6163274	38.4498056	20240409/L6/cheyenne-23-020_4553baa6-854e-455d-8d3d-4cd9f3f6e472_S61_L006_R1_001.fastq.gz	20240409/L6/cheyenne-23-020_4553baa6-854e-455d-8d3d-4cd9f3f6e472_S61_L006_R2_001.fastq.gz
cheyenne-23-021	cheyenne-23	Distichlis_stricta	KS	US	unknown	-98.6163274	38.4498056	20240409/L6/cheyenne-23-021_855ea138-d76c-4dc8-b409-09d237410e53_S62_L006_R1_001.fastq.gz	20240409/L6/cheyenne-23-021_855ea138-d76c-4dc8-b409-09d237410e53_S62_L006_R2_001.fastq.gz
cheyenne-23-022	cheyenne-23	Distichlis_stricta	KS	US	unknown	-98.6163274	38.4498056	20240409/L6/cheyenne-23-022_04aa25c3-c3ee-45c1-9ad6-478b821a0d9b_S63_L006_R1_001.fastq.gz	20240409/L6/cheyenne-23-022_04aa25c3-c3ee-45c1-9ad6-478b821a0d9b_S63_L006_R2_001.fastq.gz
cheyenne-23-023	cheyenne-23	Distichlis_stricta	KS	US	unknown	-98.6163274	38.4498056	20240409/L6/cheyenne-23-023_2a2a5256-25be-42e3-bd6b-1ca5d6b7e9e8_S64_L006_R1_001.fastq.gz	20240409/L6/cheyenne-23-023_2a2a5256-25be-42e3-bd6b-1ca5d6b7e9e8_S64_L006_R2_001.fastq.gz
cheyenne-23-024	cheyenne-23	Distichlis_stricta	KS	US	unknown	-98.6163274	38.4498056	20240409/L6/cheyenne-23-024_190839dc-000a-4810-ab2c-cd028c05d147_S65_L006_R1_001.fastq.gz	20240409/L6/cheyenne-23-024_190839dc-000a-4810-ab2c-cd028c05d147_S65_L006_R2_001.fastq.gz
cheyenne-23-040	cheyenne-23	Distichlis_stricta	KS	US	unknown	-98.6163274	38.4498056	20240409/L6/cheyenne-23-040_401d343f-b980-415f-b1da-2799ad2076f4_S66_L006_R1_001.fastq.gz	20240409/L6/cheyenne-23-040_401d343f-b980-415f-b1da-2799ad2076f4_S66_L006_R2_001.fastq.gz
cheyenne-23-041	cheyenne-23	Distichlis_stricta	KS	US	unknown	-98.6163274	38.4498056	20240409/L6/cheyenne-23-041_88c102d4-abda-4db2-9be8-902acf53f83f_S67_L006_R1_001.fastq.gz	20240409/L6/cheyenne-23-041_88c102d4-abda-4db2-9be8-902acf53f83f_S67_L006_R2_001.fastq.gz
cheyenne-23-042	cheyenne-23	Distichlis_stricta	KS	US	unknown	-98.6163274	38.4498056	20240409/L6/cheyenne-23-042_1bde7b36-e8d5-46d8-851c-7a0d0cb596ec_S68_L006_R1_001.fastq.gz	20240409/L6/cheyenne-23-042_1bde7b36-e8d5-46d8-851c-7a0d0cb596ec_S68_L006_R2_001.fastq.gz
cheyenne-23-043	cheyenne-23	Distichlis_stricta	KS	US	unknown	-98.6163274	38.4498056	20240409/L6/cheyenne-23-043_f1d11050-b78e-494f-9eca-c12441431e17_S69_L006_R1_001.fastq.gz	20240409/L6/cheyenne-23-043_f1d11050-b78e-494f-9eca-c12441431e17_S69_L006_R2_001.fastq.gz
cheyenne-23-044	cheyenne-23	Distichlis_stricta	KS	US	unknown	-98.6163274	38.4498056	20240409/L6/cheyenne-23-044_ea0d83e3-9ec7-4635-a6b1-e3908ebcd6ca_S70_L006_R1_001.fastq.gz	20240409/L6/cheyenne-23-044_ea0d83e3-9ec7-4635-a6b1-e3908ebcd6ca_S70_L006_R2_001.fastq.gz
cheyenne-23-045	cheyenne-23	Distichlis_stricta	KS	US	unknown	-98.6163274	38.4498056	20240409/L6/cheyenne-23-045_92fef331-a641-4041-b2e2-af52ea76f7cf_S71_L006_R1_001.fastq.gz	20240409/L6/cheyenne-23-045_92fef331-a641-4041-b2e2-af52ea76f7cf_S71_L006_R2_001.fastq.gz
cheyenne-23-046	cheyenne-23	Distichlis_stricta	KS	US	unknown	-98.6163274	38.4498056	20240409/L6/cheyenne-23-046_a9d77c4b-8fdb-4ec6-9cb9-3ca904853d98_S72_L006_R1_001.fastq.gz	20240409/L6/cheyenne-23-046_a9d77c4b-8fdb-4ec6-9cb9-3ca904853d98_S72_L006_R2_001.fastq.gz
cheyenne-23-060	cheyenne-23	Distichlis_stricta	KS	US	unknown	-98.6163274	38.4498056	20240409/L6/cheyenne-23-060_928e271c-c09b-4347-b100-6df5cc5c09f7_S73_L006_R1_001.fastq.gz	20240409/L6/cheyenne-23-060_928e271c-c09b-4347-b100-6df5cc5c09f7_S73_L006_R2_001.fastq.gz
cheyenne-23-061	cheyenne-23	Distichlis_stricta	KS	US	unknown	-98.6163274	38.4498056	20240409/L6/cheyenne-23-061_98cf00e2-c8eb-4121-8bf3-4102824eeb7d_S74_L006_R1_001.fastq.gz	20240409/L6/cheyenne-23-061_98cf00e2-c8eb-4121-8bf3-4102824eeb7d_S74_L006_R2_001.fastq.gz
cheyenne-23-062	cheyenne-23	Distichlis_stricta	KS	US	unknown	-98.6163274	38.4498056	20240409/L6/cheyenne-23-062_25eb2f50-3c25-4b10-9796-f2e4da5a92fb_S75_L006_R1_001.fastq.gz	20240409/L6/cheyenne-23-062_25eb2f50-3c25-4b10-9796-f2e4da5a92fb_S75_L006_R2_001.fastq.gz
cheyenne-23-063	cheyenne-23	Distichlis_stricta	KS	US	unknown	-98.6163274	38.4498056	20240409/L6/cheyenne-23-063_2509596d-d086-49f2-91c7-a327c98de721_S76_L006_R1_001.fastq.gz	20240409/L6/cheyenne-23-063_2509596d-d086-49f2-91c7-a327c98de721_S76_L006_R2_001.fastq.gz
cheyenne-23-064	cheyenne-23	Distichlis_stricta	KS	US	unknown	-98.6163274	38.4498056	20240409/L6/cheyenne-23-064_6e0c2708-b4d1-4e19-abc8-d3e281a18792_S77_L006_R1_001.fastq.gz	20240409/L6/cheyenne-23-064_6e0c2708-b4d1-4e19-abc8-d3e281a18792_S77_L006_R2_001.fastq.gz
cheyenne-23-065	cheyenne-23	Distichlis_stricta	KS	US	unknown	-98.6163274	38.4498056	20240409/L6/cheyenne-23-065_001c104e-58b9-4217-be71-ea0cb8af6484_S78_L006_R1_001.fastq.gz	20240409/L6/cheyenne-23-065_001c104e-58b9-4217-be71-ea0cb8af6484_S78_L006_R2_001.fastq.gz
cheyenne-23-066	cheyenne-23	Distichlis_stricta	KS	US	unknown	-98.6163274	38.4498056	20240409/L6/cheyenne-23-066_d5f3bb8c-5a23-4bc3-b9c5-b7068e6c8b34_S79_L006_R1_001.fastq.gz	20240409/L6/cheyenne-23-066_d5f3bb8c-5a23-4bc3-b9c5-b7068e6c8b34_S79_L006_R2_001.fastq.gz
gurley-23-001	gurley-23	Distichlis_spicata	KS	US	unknown	-98.149148	39.201337	20240409/L6/gurley-23-001_9f1d6c46-bbdf-4051-ac11-6f73559b19f5_S80_L006_R1_001.fastq.gz	20240409/L6/gurley-23-001_9f1d6c46-bbdf-4051-ac11-6f73559b19f5_S80_L006_R2_001.fastq.gz
gurley-23-002	gurley-23	Distichlis_spicata	KS	US	unknown	-98.149148	39.201337	20240409/L6/gurley-23-002_cc0e90b3-5764-447a-8ab9-59a0901b51ec_S81_L006_R1_001.fastq.gz	20240409/L6/gurley-23-002_cc0e90b3-5764-447a-8ab9-59a0901b51ec_S81_L006_R2_001.fastq.gz
gurley-23-003	gurley-23	Distichlis_spicata	KS	US	unknown	-98.149148	39.201337	20240409/L6/gurley-23-003_3527f793-f784-4c5b-8092-c609a5a92a2c_S82_L006_R1_001.fastq.gz	20240409/L6/gurley-23-003_3527f793-f784-4c5b-8092-c609a5a92a2c_S82_L006_R2_001.fastq.gz
gurley-23-004	gurley-23	Distichlis_spicata	KS	US	unknown	-98.149148	39.201337	20240409/L6/gurley-23-004_cf4caf6a-ec20-4766-9733-7f574a5224d9_S83_L006_R1_001.fastq.gz	20240409/L6/gurley-23-004_cf4caf6a-ec20-4766-9733-7f574a5224d9_S83_L006_R2_001.fastq.gz
gurley-23-005	gurley-23	Distichlis_spicata	KS	US	unknown	-98.149148	39.201337	20240409/L6/gurley-23-005_2ad37011-cfd6-4816-a4e7-197385450258_S84_L006_R1_001.fastq.gz	20240409/L6/gurley-23-005_2ad37011-cfd6-4816-a4e7-197385450258_S84_L006_R2_001.fastq.gz
gurley-23-006	gurley-23	Distichlis_spicata	KS	US	unknown	-98.149148	39.201337	20240409/L6/gurley-23-006_856ac308-140d-40c7-ae72-200be09828fa_S85_L006_R1_001.fastq.gz	20240409/L6/gurley-23-006_856ac308-140d-40c7-ae72-200be09828fa_S85_L006_R2_001.fastq.gz
gurley-23-007	gurley-23	Distichlis_spicata	KS	US	unknown	-98.149148	39.201337	20240409/L6/gurley-23-007_053bbf53-f3da-4668-9986-8bf28f4ba2b3_S86_L006_R1_001.fastq.gz	20240409/L6/gurley-23-007_053bbf53-f3da-4668-9986-8bf28f4ba2b3_S86_L006_R2_001.fastq.gz
gurley-23-008	gurley-23	Distichlis_spicata	KS	US	unknown	-98.149148	39.201337	20240409/L6/gurley-23-008_2372b114-d245-4573-881a-a702f28cb50c_S87_L006_R1_001.fastq.gz	20240409/L6/gurley-23-008_2372b114-d245-4573-881a-a702f28cb50c_S87_L006_R2_001.fastq.gz
gurley-23-009	gurley-23	Distichlis_spicata	KS	US	unknown	-98.149148	39.201337	20240409/L6/gurley-23-009_e50ca085-5ead-4a65-8be5-0e0a55790f3b_S88_L006_R1_001.fastq.gz	20240409/L6/gurley-23-009_e50ca085-5ead-4a65-8be5-0e0a55790f3b_S88_L006_R2_001.fastq.gz
W6-52766-001	W6-52766	Distichlis_spicata	NV	US	unknown	-118.06632	39.79497	20240409/L6/W6-52766-001_a44c6cbf-fec0-4a02-9c6f-cdd186d1c5af_S25_L006_R1_001.fastq.gz	20240409/L6/W6-52766-001_a44c6cbf-fec0-4a02-9c6f-cdd186d1c5af_S25_L006_R2_001.fastq.gz
W6-52766-002	W6-52766	Distichlis_spicata	NV	US	unknown	-118.06632	39.79497	20240409/L6/W6-52766-002_4f9107e2-517b-41da-9f62-6c3406a07e26_S26_L006_R1_001.fastq.gz	20240409/L6/W6-52766-002_4f9107e2-517b-41da-9f62-6c3406a07e26_S26_L006_R2_001.fastq.gz
W6-52766-003	W6-52766	Distichlis_spicata	NV	US	unknown	-118.06632	39.79497	20240409/L6/W6-52766-003_894333d9-470d-4e6a-883f-2f70bbffcf4e_S27_L006_R1_001.fastq.gz	20240409/L6/W6-52766-003_894333d9-470d-4e6a-883f-2f70bbffcf4e_S27_L006_R2_001.fastq.gz
W6-52766-004	W6-52766	Distichlis_spicata	NV	US	unknown	-118.06632	39.79497	20240409/L6/W6-52766-004_03297976-9a7f-4319-8e95-dfbe95ad2718_S28_L006_R1_001.fastq.gz	20240409/L6/W6-52766-004_03297976-9a7f-4319-8e95-dfbe95ad2718_S28_L006_R2_001.fastq.gz
W6-52766-005	W6-52766	Distichlis_spicata	NV	US	unknown	-118.06632	39.79497	20240409/L6/W6-52766-005_c298a041-13b8-4cea-9893-2cfc06095382_S29_L006_R1_001.fastq.gz	20240409/L6/W6-52766-005_c298a041-13b8-4cea-9893-2cfc06095382_S29_L006_R2_001.fastq.gz
W6-52766-006	W6-52766	Distichlis_spicata	NV	US	unknown	-118.06632	39.79497	20240409/L6/W6-52766-006_5da711c5-a5f1-495b-aa7a-a4690dfd107e_S30_L006_R1_001.fastq.gz	20240409/L6/W6-52766-006_5da711c5-a5f1-495b-aa7a-a4690dfd107e_S30_L006_R2_001.fastq.gz
W6-52766-007	W6-52766	Distichlis_spicata	NV	US	unknown	-118.06632	39.79497	20240409/L6/W6-52766-007_d184011b-e826-4204-98a3-6ffdb56b969c_S31_L006_R1_001.fastq.gz	20240409/L6/W6-52766-007_d184011b-e826-4204-98a3-6ffdb56b969c_S31_L006_R2_001.fastq.gz
W6-52766-008	W6-52766	Distichlis_spicata	NV	US	unknown	-118.06632	39.79497	20240409/L6/W6-52766-008_e2e52af1-35ed-4d89-95c1-27eea0a253e3_S32_L006_R1_001.fastq.gz	20240409/L6/W6-52766-008_e2e52af1-35ed-4d89-95c1-27eea0a253e3_S32_L006_R2_001.fastq.gz
W6-52766-009	W6-52766	Distichlis_spicata	NV	US	unknown	-118.06632	39.79497	20240409/L6/W6-52766-009_640ea3c8-ef17-4224-9b00-0d4bda0c78ca_S33_L006_R1_001.fastq.gz	20240409/L6/W6-52766-009_640ea3c8-ef17-4224-9b00-0d4bda0c78ca_S33_L006_R2_001.fastq.gz
W6-52766-010	W6-52766	Distichlis_spicata	NV	US	unknown	-118.06632	39.79497	20240409/L6/W6-52766-010_c58296f1-d4f6-4996-8256-3f8c0145eb44_S34_L006_R1_001.fastq.gz	20240409/L6/W6-52766-010_c58296f1-d4f6-4996-8256-3f8c0145eb44_S34_L006_R2_001.fastq.gz
W6-52766-011	W6-52766	Distichlis_spicata	NV	US	unknown	-118.06632	39.79497	20240409/L6/W6-52766-011_0d604ed6-40ad-46c7-9490-26defeb102e3_S35_L006_R1_001.fastq.gz	20240409/L6/W6-52766-011_0d604ed6-40ad-46c7-9490-26defeb102e3_S35_L006_R2_001.fastq.gz
W6-52766-012	W6-52766	Distichlis_spicata	NV	US	unknown	-118.06632	39.79497	20240409/L6/W6-52766-012_5cd8b03f-c95f-4cd2-917e-10fc559115fd_S36_L006_R1_001.fastq.gz	20240409/L6/W6-52766-012_5cd8b03f-c95f-4cd2-917e-10fc559115fd_S36_L006_R2_001.fastq.gz
W6-52766-013	W6-52766	Distichlis_spicata	NV	US	unknown	-118.06632	39.79497	20240409/L6/W6-52766-013_0eb0a58f-26f3-4a6a-be67-79c1d8e8b3f5_S37_L006_R1_001.fastq.gz	20240409/L6/W6-52766-013_0eb0a58f-26f3-4a6a-be67-79c1d8e8b3f5_S37_L006_R2_001.fastq.gz
W6-52766-014	W6-52766	Distichlis_spicata	NV	US	unknown	-118.06632	39.79497	20240409/L6/W6-52766-014_52a179b6-febe-4db8-ae7a-36b1ec492862_S39_L006_R1_001.fastq.gz	20240409/L6/W6-52766-014_52a179b6-febe-4db8-ae7a-36b1ec492862_S39_L006_R2_001.fastq.gz
W6-52766-015	W6-52766	Distichlis_spicata	NV	US	unknown	-118.06632	39.79497	20240409/L6/W6-52766-015_28fa6328-11c8-46a3-b93e-54ca94443b17_S40_L006_R1_001.fastq.gz	20240409/L6/W6-52766-015_28fa6328-11c8-46a3-b93e-54ca94443b17_S40_L006_R2_001.fastq.gz
W6-52766-016	W6-52766	Distichlis_spicata	NV	US	unknown	-118.06632	39.79497	20240409/L6/W6-52766-016_6ea63334-f71f-4446-be29-e7ed5aa4dd1f_S41_L006_R1_001.fastq.gz	20240409/L6/W6-52766-016_6ea63334-f71f-4446-be29-e7ed5aa4dd1f_S41_L006_R2_001.fastq.gz
W6-60242-001	W6-60242	Distichlis_spicata	CT	US	unknown	NA	NA	20240409/L6/W6-60242-001_3bea4c66-daae-4954-a219-ebb56671bcfb_S1_L006_R1_001.fastq.gz	20240409/L6/W6-60242-001_3bea4c66-daae-4954-a219-ebb56671bcfb_S1_L006_R2_001.fastq.gz
W6-60242-002	W6-60242	Distichlis_spicata	CT	US	unknown	NA	NA	20240409/L6/W6-60242-002_b22d0f3b-f109-4555-b08d-674f7b985afb_S2_L006_R1_001.fastq.gz	20240409/L6/W6-60242-002_b22d0f3b-f109-4555-b08d-674f7b985afb_S2_L006_R2_001.fastq.gz
W6-60242-003	W6-60242	Distichlis_spicata	CT	US	unknown	NA	NA	20240409/L6/W6-60242-003_99ad1e92-6e0b-49f6-9e16-5572814e42e9_S3_L006_R1_001.fastq.gz	20240409/L6/W6-60242-003_99ad1e92-6e0b-49f6-9e16-5572814e42e9_S3_L006_R2_001.fastq.gz
W6-60242-004	W6-60242	Distichlis_spicata	CT	US	unknown	NA	NA	20240409/L6/W6-60242-004_6331b4cb-a984-4090-a8e2-1c5c2644c257_S4_L006_R1_001.fastq.gz	20240409/L6/W6-60242-004_6331b4cb-a984-4090-a8e2-1c5c2644c257_S4_L006_R2_001.fastq.gz
W6-60242-005	W6-60242	Distichlis_spicata	CT	US	unknown	NA	NA	20240409/L6/W6-60242-005_fc2a744e-c4b0-4c44-afaf-ebe5681a19eb_S5_L006_R1_001.fastq.gz	20240409/L6/W6-60242-005_fc2a744e-c4b0-4c44-afaf-ebe5681a19eb_S5_L006_R2_001.fastq.gz
W6-60242-006	W6-60242	Distichlis_spicata	CT	US	unknown	NA	NA	20240409/L6/W6-60242-006_94780f64-115c-4e64-a9e4-bd1c66d57a6c_S6_L006_R1_001.fastq.gz	20240409/L6/W6-60242-006_94780f64-115c-4e64-a9e4-bd1c66d57a6c_S6_L006_R2_001.fastq.gz
W6-60242-007	W6-60242	Distichlis_spicata	CT	US	unknown	NA	NA	20240409/L6/W6-60242-007_404f631b-fc01-4aab-9a0b-f721fd7719f4_S7_L006_R1_001.fastq.gz	20240409/L6/W6-60242-007_404f631b-fc01-4aab-9a0b-f721fd7719f4_S7_L006_R2_001.fastq.gz
W6-60242-008	W6-60242	Distichlis_spicata	CT	US	unknown	NA	NA	20240409/L6/W6-60242-008_b52f874b-75ed-4cc3-888b-88101bb222a9_S8_L006_R1_001.fastq.gz	20240409/L6/W6-60242-008_b52f874b-75ed-4cc3-888b-88101bb222a9_S8_L006_R2_001.fastq.gz
W6-60242-009	W6-60242	Distichlis_spicata	CT	US	unknown	NA	NA	20240409/L6/W6-60242-009_50d33c97-1a34-41e5-a6ae-2bbad21394d6_S9_L006_R1_001.fastq.gz	20240409/L6/W6-60242-009_50d33c97-1a34-41e5-a6ae-2bbad21394d6_S9_L006_R2_001.fastq.gz
W6-60242-010	W6-60242	Distichlis_spicata	CT	US	unknown	NA	NA	20240409/L6/W6-60242-010_15a9c24a-71ef-4dc3-8b8f-bb1b1253586d_S10_L006_R1_001.fastq.gz	20240409/L6/W6-60242-010_15a9c24a-71ef-4dc3-8b8f-bb1b1253586d_S10_L006_R2_001.fastq.gz
W6-60242-011	W6-60242	Distichlis_spicata	CT	US	unknown	NA	NA	20240409/L6/W6-60242-011_6adefa75-15f8-4111-9c6e-c81f6eebc7c3_S11_L006_R1_001.fastq.gz	20240409/L6/W6-60242-011_6adefa75-15f8-4111-9c6e-c81f6eebc7c3_S11_L006_R2_001.fastq.gz
W6-60242-012	W6-60242	Distichlis_spicata	CT	US	unknown	NA	NA	20240409/L6/W6-60242-012_cee85506-96c5-4303-8c38-a696f1336457_S12_L006_R1_001.fastq.gz	20240409/L6/W6-60242-012_cee85506-96c5-4303-8c38-a696f1336457_S12_L006_R2_001.fastq.gz
W6-60242-013	W6-60242	Distichlis_spicata	CT	US	unknown	NA	NA	20240409/L6/W6-60242-013_6c0dc6d5-3b40-4103-852f-35a556b741db_S13_L006_R1_001.fastq.gz	20240409/L6/W6-60242-013_6c0dc6d5-3b40-4103-852f-35a556b741db_S13_L006_R2_001.fastq.gz
W6-60242-014	W6-60242	Distichlis_spicata	CT	US	unknown	NA	NA	20240409/L6/W6-60242-014_3d8b997c-1c89-448c-85b6-194fc575c201_S14_L006_R1_001.fastq.gz	20240409/L6/W6-60242-014_3d8b997c-1c89-448c-85b6-194fc575c201_S14_L006_R2_001.fastq.gz
W6-60242-015	W6-60242	Distichlis_spicata	CT	US	unknown	NA	NA	20240409/L6/W6-60242-015_cd67357c-9b0c-4660-b5e7-59b76da428cf_S15_L006_R1_001.fastq.gz	20240409/L6/W6-60242-015_cd67357c-9b0c-4660-b5e7-59b76da428cf_S15_L006_R2_001.fastq.gz
W6-60242-016	W6-60242	Distichlis_spicata	CT	US	unknown	NA	NA	20240409/L6/W6-60242-016_37b8f822-5515-4332-a82c-0f3906990b42_S16_L006_R1_001.fastq.gz	20240409/L6/W6-60242-016_37b8f822-5515-4332-a82c-0f3906990b42_S16_L006_R2_001.fastq.gz
W6-60242-017	W6-60242	Distichlis_spicata	CT	US	unknown	NA	NA	20240409/L6/W6-60242-017_3bebaf15-700e-4ea3-9d42-8499c2b38d86_S17_L006_R1_001.fastq.gz	20240409/L6/W6-60242-017_3bebaf15-700e-4ea3-9d42-8499c2b38d86_S17_L006_R2_001.fastq.gz
W6-60242-018	W6-60242	Distichlis_spicata	CT	US	unknown	NA	NA	20240409/L6/W6-60242-018_ec75417c-740f-4b10-9e95-770e43bf8a6b_S18_L006_R1_001.fastq.gz	20240409/L6/W6-60242-018_ec75417c-740f-4b10-9e95-770e43bf8a6b_S18_L006_R2_001.fastq.gz
W6-60242-019	W6-60242	Distichlis_spicata	CT	US	unknown	NA	NA	20240409/L6/W6-60242-019_59a1c8bd-babc-4446-a1a7-267ef7cc47e0_S19_L006_R1_001.fastq.gz	20240409/L6/W6-60242-019_59a1c8bd-babc-4446-a1a7-267ef7cc47e0_S19_L006_R2_001.fastq.gz
W6-60242-020	W6-60242	Distichlis_spicata	CT	US	unknown	NA	NA	20240409/L6/W6-60242-020_82f13e70-444d-499b-aaf9-3446ab2a5042_S20_L006_R1_001.fastq.gz	20240409/L6/W6-60242-020_82f13e70-444d-499b-aaf9-3446ab2a5042_S20_L006_R2_001.fastq.gz
W6-60242-021	W6-60242	Distichlis_spicata	CT	US	unknown	NA	NA	20240409/L6/W6-60242-021_a1f423e4-82dc-4628-a49c-e2ac72c5c97e_S21_L006_R1_001.fastq.gz	20240409/L6/W6-60242-021_a1f423e4-82dc-4628-a49c-e2ac72c5c97e_S21_L006_R2_001.fastq.gz
W6-60242-022	W6-60242	Distichlis_spicata	CT	US	unknown	NA	NA	20240409/L6/W6-60242-022_cd9b5245-5232-4cb3-a779-f692fa4ad5a6_S22_L006_R1_001.fastq.gz	20240409/L6/W6-60242-022_cd9b5245-5232-4cb3-a779-f692fa4ad5a6_S22_L006_R2_001.fastq.gz
W6-60242-023	W6-60242	Distichlis_spicata	CT	US	unknown	NA	NA	20240409/L6/W6-60242-023_4fa29b11-90ef-42aa-bdef-6bfa268d38ff_S23_L006_R1_001.fastq.gz	20240409/L6/W6-60242-023_4fa29b11-90ef-42aa-bdef-6bfa268d38ff_S23_L006_R2_001.fastq.gz
W6-60242-024	W6-60242	Distichlis_spicata	CT	US	unknown	NA	NA	20240409/L6/W6-60242-024_3d055ef7-9e6b-4b66-a43e-ae25f3af4c99_S24_L006_R1_001.fastq.gz	20240409/L6/W6-60242-024_3d055ef7-9e6b-4b66-a43e-ae25f3af4c99_S24_L006_R2_001.fastq.gz
